ID_OFICIAL;NOMBRE_BASE_OFICIAL;Escuela;URL Bibliografia;FOTO_URL
1;Ingeniería Ejecución Administración Empresas Mención  Marketing;Admin. y Gestión Empresarial;https://bibliotecas.aiep.cl/client/es_CL/default/search/results?qu=165&rt=false%7C%7C%7CAIEP_CARRERA%7C%7C%7CCarrera&st=TL;https://ik.imagekit.io/5wps2tups/FOTOS%20CARRERAS%20ADMISIO%CC%81N%202025-1/6.%20ADMINISTRACIO%CC%81N%20Y%20GESTIO%CC%81N%20EMPRESARIAL/ingenieria-en-administracion-de-empresas-mencion-marketing.jpg?updatedAt=1738199307768
2;Contabilidad General;Admin. y Gestión Empresarial;https://bibliotecas.aiep.cl/client/es_CL/default/search/results?qu=13&rt=false%7C%7C%7CAIEP_CARRERA%7C%7C%7CCarrera&st=TL;https://ik.imagekit.io/5wps2tups/FOTOS%20CARRERAS%20ADMISIO%CC%81N%202025-1/6.%20ADMINISTRACIO%CC%81N%20Y%20GESTIO%CC%81N%20EMPRESARIAL/contabilidad-general.jpg?updatedAt=1738199307422
3;Ingeniería Ejecución Administración Empresas Mención  Finanzas;Admin. y Gestión Empresarial;https://bibliotecas.aiep.cl/client/es_CL/default/search/results?qu=27&rt=false%7C%7C%7CAIEP_CARRERA%7C%7C%7CCarrera&st=TL;https://ik.imagekit.io/5wps2tups/FOTOS%20CARRERAS%20ADMISIO%CC%81N%202025-1/6.%20ADMINISTRACIO%CC%81N%20Y%20GESTIO%CC%81N%20EMPRESARIAL/ingenieria-en-administracion-de-empresas-mencion-finanzas.jpg?updatedAt=1738199307818
4;Auditoría;Admin. y Gestión Empresarial;https://bibliotecas.aiep.cl/client/es_CL/default/search/results?qu=6&rt=false%7C%7C%7CAIEP_CARRERA%7C%7C%7CCarrera&st=TL;https://ik.imagekit.io/5wps2tups/FOTOS%20CARRERAS%20ADMISIO%CC%81N%202025-1/6.%20ADMINISTRACIO%CC%81N%20Y%20GESTIO%CC%81N%20EMPRESARIAL/auditoria.jpg?updatedAt=1738199310389
5;Técnico Administración Empresas;Admin. y Gestión Empresarial;https://bibliotecas.aiep.cl/client/es_CL/default/search/results?qu=120&rt=false%7C%7C%7CAIEP_CARRERA%7C%7C%7CCarrera&st=TL;https://ik.imagekit.io/5wps2tups/FOTOS%20CARRERAS%20ADMISIO%CC%81N%202025-1/6.%20ADMINISTRACIO%CC%81N%20Y%20GESTIO%CC%81N%20EMPRESARIAL/tecnico-en-administracion-de-empresas.jpg?updatedAt=1738199307747
6;Técnico Administración Empresas Mención  Recursos Humanos;Admin. y Gestión Empresarial;https://bibliotecas.aiep.cl/client/es_CL/default/search/results?qu=66&rt=false%7C%7C%7CAIEP_CARRERA%7C%7C%7CCarrera&st=TL;https://ik.imagekit.io/5wps2tups/FOTOS%20CARRERAS%20ADMISIO%CC%81N%202025-1/6.%20ADMINISTRACIO%CC%81N%20Y%20GESTIO%CC%81N%20EMPRESARIAL/tecnico-en-administracion-de-empresas-mencion-recursos-humanos.jpg?updatedAt=1738199307685
7;Ingeniería Ejecución Administración Empresas Mención  Recursos Humanos;Admin. y Gestión Empresarial;https://bibliotecas.aiep.cl/client/es_CL/default/search/results?qu=26&rt=false%7C%7C%7CAIEP_CARRERA%7C%7C%7CCarrera&st=TL;https://ik.imagekit.io/5wps2tups/FOTOS%20CARRERAS%20ADMISIO%CC%81N%202025-1/6.%20ADMINISTRACIO%CC%81N%20Y%20GESTIO%CC%81N%20EMPRESARIAL/ingenieria-en-administracion-de-empresas-mencion-recursos-humanos.jpg?updatedAt=1738199309278
8;Técnico Administración Empresas Mención  Finanzas;Admin. y Gestión Empresarial;https://bibliotecas.aiep.cl/client/es_CL/default/search/results?qu=69&rt=false%7C%7C%7CAIEP_CARRERA%7C%7C%7CCarrera&st=TL;https://ik.imagekit.io/5wps2tups/FOTOS%20CARRERAS%20ADMISIO%CC%81N%202025-1/6.%20ADMINISTRACIO%CC%81N%20Y%20GESTIO%CC%81N%20EMPRESARIAL/tecnico-en-administracion-de-empresas-mencion-finanzas.jpg?updatedAt=1738199310205
9;Ingeniería en Negocios Electrónicos;Admin. y Gestión Empresarial;https://bibliotecas.aiep.cl/client/es_CL/default/search/results?qu=140&rt=false%7C%7C%7CAIEP_CARRERA%7C%7C%7CCarrera&st=TL;https://ik.imagekit.io/5wps2tups/FOTOS%20CARRERAS%20ADMISIO%CC%81N%202025-1/1.%20ARTES%20E%20INDUSTRIAS%20CREATIVAS/tecnico-en-sonido.jpg?updatedAt=1738193913308
10;Ingeniería Gestión Operaciones Logísticas;Admin. y Gestión Empresarial;https://bibliotecas.aiep.cl/client/es_CL/default/search/results?qu=128&rt=false%7C%7C%7CAIEP_CARRERA%7C%7C%7CCarrera&st=TL;https://ik.imagekit.io/5wps2tups/FOTOS%20CARRERAS%20ADMISIO%CC%81N%202025-1/6.%20ADMINISTRACIO%CC%81N%20Y%20GESTIO%CC%81N%20EMPRESARIAL/ingenieria-en-gestion-de-operaciones-logisticas.jpg?updatedAt=1738199310421
11;Ingeniería Administración Empresas;Admin. y Gestión Empresarial;https://bibliotecas.aiep.cl/client/es_CL/default/search/results?qu=160&rt=false%7C%7C%7CAIEP_CARRERA%7C%7C%7CCarrera&st=TL;https://ik.imagekit.io/5wps2tups/FOTOS%20CARRERAS%20ADMISIO%CC%81N%202025-1/6.%20ADMINISTRACIO%CC%81N%20Y%20GESTIO%CC%81N%20EMPRESARIAL/ingenieria-en-administracion-de-empresas.jpg?updatedAt=1738199310437
12;Técnico Administración Empresas Mención  Marketing;Admin. y Gestión Empresarial;https://bibliotecas.aiep.cl/client/es_CL/default/search/results?qu=67&rt=false%7C%7C%7CAIEP_CARRERA%7C%7C%7CCarrera&st=TL;https://ik.imagekit.io/5wps2tups/FOTOS%20CARRERAS%20ADMISIO%CC%81N%202025-1/6.%20ADMINISTRACIO%CC%81N%20Y%20GESTIO%CC%81N%20EMPRESARIAL/tecnico-en-administracion-de-empresas-mecion-marketing.jpg?updatedAt=1738199307795
13;Técnico Operaciones Logísticas;Admin. y Gestión Empresarial;https://bibliotecas.aiep.cl/client/es_CL/default/search/results?qu=121&rt=false%7C%7C%7CAIEP_CARRERA%7C%7C%7CCarrera&st=TL;https://ik.imagekit.io/5wps2tups/FOTOS%20CARRERAS%20ADMISIO%CC%81N%202025-1/6.%20ADMINISTRACIO%CC%81N%20Y%20GESTIO%CC%81N%20EMPRESARIAL/tecnico-en-operaciones-logisticas.jpg?updatedAt=1738199307834
14;Técnico Administración Producción Agropecuaria y Agroindustrial;Admin. y Gestión Empresarial;https://bibliotecas.aiep.cl/client/es_CL/default/search/results?qu=71&rt=false%7C%7C%7CAIEP_CARRERA%7C%7C%7CCarrera&st=TL;https://ik.imagekit.io/5wps2tups/FOTOS%20CARRERAS%20ADMISIO%CC%81N%202025-1/6.%20ADMINISTRACIO%CC%81N%20Y%20GESTIO%CC%81N%20EMPRESARIAL/tecnico-en-administracon-de-la-produccion-agropecuaria-y-agroindustrial.jpg?updatedAt=1738199307896
15;Ingeniería Gestión de Recursos Humanos;Admin. y Gestión Empresarial;https://bibliotecas.aiep.cl/client/es_CL/default/search/results?qu=130&rt=false%7C%7C%7CAIEP_CARRERA%7C%7C%7CCarrera&st=TL;https://ik.imagekit.io/5wps2tups/FOTOS%20CARRERAS%20ADMISIO%CC%81N%202025-1/6.%20ADMINISTRACIO%CC%81N%20Y%20GESTIO%CC%81N%20EMPRESARIAL/ingenieria-en-gestion-de-recursos-humanos.jpg?updatedAt=1738199309805
16;Ingeniería Gestión Financiera;Admin. y Gestión Empresarial;https://bibliotecas.aiep.cl/client/es_CL/default/search/results?qu=152&rt=false%7C%7C%7CAIEP_CARRERA%7C%7C%7CCarrera&st=TL;https://ik.imagekit.io/5wps2tups/FOTOS%20CARRERAS%20ADMISIO%CC%81N%202025-1/6.%20ADMINISTRACIO%CC%81N%20Y%20GESTIO%CC%81N%20EMPRESARIAL/ingenieria-en-gestion-financiera.jpg?updatedAt=1738199310333
17;Técnico Gestión Financiera;Admin. y Gestión Empresarial;https://bibliotecas.aiep.cl/client/es_CL/default/search/results?qu=149&rt=false%7C%7C%7CAIEP_CARRERA%7C%7C%7CCarrera&st=TL;https://ik.imagekit.io/5wps2tups/FOTOS%20CARRERAS%20ADMISIO%CC%81N%202025-1/6.%20ADMINISTRACIO%CC%81N%20Y%20GESTIO%CC%81N%20EMPRESARIAL/tecnico-en-gestion-financiera.jpg?updatedAt=1738199307858
18;Técnico Gestión de Recursos Humanos;Admin. y Gestión Empresarial;https://bibliotecas.aiep.cl/client/es_CL/default/search/results?qu=151&rt=false%7C%7C%7CAIEP_CARRERA%7C%7C%7CCarrera&st=TL;https://ik.imagekit.io/5wps2tups/FOTOS%20CARRERAS%20ADMISIO%CC%81N%202025-1/6.%20ADMINISTRACIO%CC%81N%20Y%20GESTIO%CC%81N%20EMPRESARIAL/tecnico-en-gestion-de-recursos-humanos.jpg?updatedAt=1738199307693
19;Ingeniería Administración Empresas Mención Recursos Humanos;Admin. y Gestión Empresarial;https://bibliotecas.aiep.cl/client/es_CL/default/search/results?qu=164&rt=false%7C%7C%7CAIEP_CARRERA%7C%7C%7CCarrera&st=TL;https://ik.imagekit.io/5wps2tups/FOTOS%20CARRERAS%20ADMISIO%CC%81N%202025-1/6.%20ADMINISTRACIO%CC%81N%20Y%20GESTIO%CC%81N%20EMPRESARIAL/ingenieria-en-administracion-de-empresas-mencion-recursos-humanos.jpg?updatedAt=1738199309278
20;Ingeniería Administración Empresas Mención Finanza;Admin. y Gestión Empresarial;https://bibliotecas.aiep.cl/client/es_CL/default/search/results?qu=129&rt=false%7C%7C%7CAIEP_CARRERA%7C%7C%7CCarrera&st=TL;https://ik.imagekit.io/5wps2tups/FOTOS%20CARRERAS%20ADMISIO%CC%81N%202025-1/6.%20ADMINISTRACIO%CC%81N%20Y%20GESTIO%CC%81N%20EMPRESARIAL/ingenieria-en-administracion-de-empresas-mencion-finanzas.jpg?updatedAt=1738199307818
21;Ingeniería Administración Empresas Mención Marketing;Admin. y Gestión Empresarial;https://bibliotecas.aiep.cl/client/es_CL/default/search/results?qu=163&rt=false%7C%7C%7CAIEP_CARRERA%7C%7C%7CCarrera&st=TL;https://ik.imagekit.io/5wps2tups/FOTOS%20CARRERAS%20ADMISIO%CC%81N%202025-1/6.%20ADMINISTRACIO%CC%81N%20Y%20GESTIO%CC%81N%20EMPRESARIAL/ingenieria-en-administracion-de-empresas-mencion-marketing.jpg?updatedAt=1738199307768
22;Técnico en Comercio Electrónico;Admin. y Gestión Empresarial;https://bibliotecas.aiep.cl/client/es_CL/default/search/results?qu=132&rt=false%7C%7C%7CAIEP_CARRERA%7C%7C%7CCarrera&st=TL;https://ik.imagekit.io/5wps2tups/FOTOS%20CARRERAS%20ADMISIO%CC%81N%202025-1/6.%20ADMINISTRACIO%CC%81N%20Y%20GESTIO%CC%81N%20EMPRESARIAL/ingenieria-en-administracion-de-empresas.jpg?updatedAt=1738199310437
23;Gestión De Personas;Admin. y Gestión Empresarial;https://bibliotecas.aiep.cl/client/es_CL/default/search/results?qu=151&rt=false%7C%7C%7CAIEP_CARRERA%7C%7C%7CCarrera&st=TL;https://ik.imagekit.io/5wps2tups/FOTOS%20CARRERAS%20ADMISIO%CC%81N%202025-1/6.%20ADMINISTRACIO%CC%81N%20Y%20GESTIO%CC%81N%20EMPRESARIAL/tecnico-en-gestion-de-recursos-humanos.jpg?updatedAt=1738199307693
24;Administración De Empresas;Admin. y Gestión Empresarial;https://bibliotecas.aiep.cl/client/es_CL/default/search/results?qu=120&rt=false%7C%7C%7CAIEP_CARRERA%7C%7C%7CCarrera&st=TL;https://ik.imagekit.io/5wps2tups/FOTOS%20CARRERAS%20ADMISIO%CC%81N%202025-1/6.%20ADMINISTRACIO%CC%81N%20Y%20GESTIO%CC%81N%20EMPRESARIAL/tecnico-en-administracion-de-empresas.jpg?updatedAt=1738199307747
25;Ingeniería Operaciones Logísticas;Admin. y Gestión Empresarial;https://bibliotecas.aiep.cl/client/es_CL/default/search/results?qu=128&rt=false%7C%7C%7CAIEP_CARRERA%7C%7C%7CCarrera&st=TL;https://ik.imagekit.io/5wps2tups/FOTOS%20CARRERAS%20ADMISIO%CC%81N%202025-1/6.%20ADMINISTRACIO%CC%81N%20Y%20GESTIO%CC%81N%20EMPRESARIAL/ingenieria-en-gestion-de-operaciones-logisticas.jpg?updatedAt=1738199310421
26;Ingeniería Comercio Internacional;Admin. y Gestión Empresarial;https://bibliotecas.aiep.cl/client/es_CL/default/search/results?qu=168;https://ik.imagekit.io/5wps2tups/FOTOS%20CARRERAS%20ADMISIO%CC%81N%202025-1/8-Nuevas-Carreras-2026/Ingenieri%CC%81a%20en%20Comercio%20Internacional.jpg
27;Ingeniería Gestión de Personas;Admin. y Gestión Empresarial;https://bibliotecas.aiep.cl/client/es_CL/default/search/results?qu=130&rt=false%7C%7C%7CAIEP_CARRERA%7C%7C%7CCarrera&st=TL;https://ik.imagekit.io/5wps2tups/FOTOS%20CARRERAS%20ADMISIO%CC%81N%202025-1/6.%20ADMINISTRACIO%CC%81N%20Y%20GESTIO%CC%81N%20EMPRESARIAL/ingenieria-en-gestion-de-recursos-humanos.jpg?updatedAt=1738199309805
28;Operaciones Logísticas;Admin. y Gestión Empresarial;https://bibliotecas.aiep.cl/client/es_CL/default/search/results?qu=121&rt=false%7C%7C%7CAIEP_CARRERA%7C%7C%7CCarrera&st=TL;https://ik.imagekit.io/5wps2tups/FOTOS%20CARRERAS%20ADMISIO%CC%81N%202025-1/6.%20ADMINISTRACIO%CC%81N%20Y%20GESTIO%CC%81N%20EMPRESARIAL/tecnico-en-operaciones-logisticas.jpg?updatedAt=1738199307834
29;Diseño Gráfico;Artes e Industrias Creativas;https://bibliotecas.aiep.cl/client/es_CL/default/search/results?qu=20&rt=false%7C%7C%7CAIEP_CARRERA%7C%7C%7CCarrera&st=TL;https://ik.imagekit.io/5wps2tups/FOTOS%20CARRERAS%20ADMISIO%CC%81N%202025-1/1.%20ARTES%20E%20INDUSTRIAS%20CREATIVAS/diseno-grafico.jpg?updatedAt=1738193910206
30;Diseño Vestuario Mención Alta Costura;Artes e Industrias Creativas;https://bibliotecas.aiep.cl/client/es_CL/default/search/results?qu=19&rt=false%7C%7C%7CAIEP_CARRERA%7C%7C%7CCarrera&st=TL;https://ik.imagekit.io/5wps2tups/FOTOS%20CARRERAS%20ADMISIO%CC%81N%202025-1/1.%20ARTES%20E%20INDUSTRIAS%20CREATIVAS/diseno-de-vestuario-mencion-alta-costura.jpg?updatedAt=1738193910099
31;Técnico en Marketing Digital;Artes e Industrias Creativas;https://bibliotecas.aiep.cl/client/es_CL/default/search/results?qu=126&rt=false%7C%7C%7CAIEP_CARRERA%7C%7C%7CCarrera&st=TL;https://ik.imagekit.io/5wps2tups/FOTOS%20CARRERAS%20ADMISIO%CC%81N%202025-1/1.%20ARTES%20E%20INDUSTRIAS%20CREATIVAS/tecnico-en-marketing-digital.jpg?updatedAt=1738193913065
32;Técnico en Animación 3D;Artes e Industrias Creativas;https://bibliotecas.aiep.cl/client/es_CL/default/search/results?qu=139&rt=false%7C%7C%7CAIEP_CARRERA%7C%7C%7CCarrera&st=TL;https://ik.imagekit.io/5wps2tups/FOTOS%20CARRERAS%20ADMISIO%CC%81N%202025-1/1.%20ARTES%20E%20INDUSTRIAS%20CREATIVAS/tecnico-en-animacion-3D.jpg?updatedAt=1738193910133
33;Técnico en Diseño Gráfico;Artes e Industrias Creativas;https://bibliotecas.aiep.cl/client/es_CL/default/search/results?qu=114&rt=false%7C%7C%7CAIEP_CARRERA%7C%7C%7CCarrera&st=TL;https://ik.imagekit.io/5wps2tups/FOTOS%20CARRERAS%20ADMISIO%CC%81N%202025-1/1.%20ARTES%20E%20INDUSTRIAS%20CREATIVAS/tecnico-en-diseno-grafico.jpg?updatedAt=1738193912993
34;Técnico en Diseño de Vestuario;Artes e Industrias Creativas;https://bibliotecas.aiep.cl/client/es_CL/default/search/results?qu=76&rt=false%7C%7C%7CAIEP_CARRERA%7C%7C%7CCarrera&st=TL;https://ik.imagekit.io/5wps2tups/FOTOS%20CARRERAS%20ADMISIO%CC%81N%202025-1/1.%20ARTES%20E%20INDUSTRIAS%20CREATIVAS/tecnico-en-diseno-de-vestuario.jpg?updatedAt=1738193910020
35;Técnico Arte y Gestión Cultural;Artes e Industrias Creativas;https://bibliotecas.aiep.cl/client/es_CL/default/search/results?qu=62&rt=false%7C%7C%7CAIEP_CARRERA%7C%7C%7CCarrera&st=TL;https://ik.imagekit.io/5wps2tups/FOTOS%20CARRERAS%20ADMISIO%CC%81N%202025-1/1.%20ARTES%20E%20INDUSTRIAS%20CREATIVAS/tecnico-en-arte-y-gestion-cultural.jpg?updatedAt=1738193910125
36;Técnico Comunicación y Relaciones Públicas;Artes e Industrias Creativas;https://bibliotecas.aiep.cl/client/es_CL/default/search/results?qu=73&rt=false%7C%7C%7CAIEP_CARRERA%7C%7C%7CCarrera&st=TL;https://ik.imagekit.io/5wps2tups/FOTOS%20CARRERAS%20ADMISIO%CC%81N%202025-1/1.%20ARTES%20E%20INDUSTRIAS%20CREATIVAS/tecnico-en-comunicacion-y-relaciones-publicas.jpg?updatedAt=1738193910010
37;Ingeniería de Ejecución Sonido;Artes e Industrias Creativas;https://bibliotecas.aiep.cl/client/es_CL/default/search/results?qu=36&rt=false%7C%7C%7CAIEP_CARRERA%7C%7C%7CCarrera&st=TL;https://ik.imagekit.io/5wps2tups/FOTOS%20CARRERAS%20ADMISIO%CC%81N%202025-1/1.%20ARTES%20E%20INDUSTRIAS%20CREATIVAS/ingenieria-en-sonido.jpg?updatedAt=1738193910232
38;Técnico en Sonido;Artes e Industrias Creativas;https://bibliotecas.aiep.cl/client/es_CL/default/search/results?qu=105&rt=false%7C%7C%7CAIEP_CARRERA%7C%7C%7CCarrera&st=TL;https://ik.imagekit.io/5wps2tups/FOTOS%20CARRERAS%20ADMISIO%CC%81N%202025-1/1.%20ARTES%20E%20INDUSTRIAS%20CREATIVAS/tecnico-en-sonido.jpg?updatedAt=1738193913308
39;Teatro;Artes e Industrias Creativas;https://bibliotecas.aiep.cl/client/es_CL/default/search/results?qu=61&rt=false%7C%7C%7CAIEP_CARRERA%7C%7C%7CCarrera&st=TL;https://ik.imagekit.io/5wps2tups/FOTOS%20CARRERAS%20ADMISIO%CC%81N%202025-1/1.%20ARTES%20E%20INDUSTRIAS%20CREATIVAS/teatro.jpg?updatedAt=1738193910199
40;Técnico Diseño Espacio y Equipamiento;Artes e Industrias Creativas;https://bibliotecas.aiep.cl/client/es_CL/default/search/results?qu=75&rt=false%7C%7C%7CAIEP_CARRERA%7C%7C%7CCarrera&st=TL;https://ik.imagekit.io/5wps2tups/FOTOS%20CARRERAS%20ADMISIO%CC%81N%202025-1/1.%20ARTES%20E%20INDUSTRIAS%20CREATIVAS/tecnico-en-diseno-de-espacios-y-equipamiento.jpg?updatedAt=1738193910081
41;Técnico Locución y Conducción Radio y TV.;Artes e Industrias Creativas;https://bibliotecas.aiep.cl/client/es_CL/default/search/results?qu=93&rt=false%7C%7C%7CAIEP_CARRERA%7C%7C%7CCarrera&st=TL;https://ik.imagekit.io/5wps2tups/FOTOS%20CARRERAS%20ADMISIO%CC%81N%202025-1/1.%20ARTES%20E%20INDUSTRIAS%20CREATIVAS/tecnico-en-locucion-y-conduccion-de-radio-y-television.jpg?updatedAt=1738193912765
42;Ingeniería en Animación 3D;Artes e Industrias Creativas;https://bibliotecas.aiep.cl/client/es_CL/default/search/results?qu=28&rt=false%7C%7C%7CAIEP_CARRERA%7C%7C%7CCarrera&st=TL;https://ik.imagekit.io/5wps2tups/FOTOS%20CARRERAS%20ADMISIO%CC%81N%202025-1/1.%20ARTES%20E%20INDUSTRIAS%20CREATIVAS/ingenieria-en-animacion-3D.jpg?updatedAt=1738193910251
43;Técnico Producción Audiovisual;Artes e Industrias Creativas;https://bibliotecas.aiep.cl/client/es_CL/default/search/results?qu=101&rt=false%7C%7C%7CAIEP_CARRERA%7C%7C%7CCarrera&st=TL;https://ik.imagekit.io/5wps2tups/FOTOS%20CARRERAS%20ADMISIO%CC%81N%202025-1/1.%20ARTES%20E%20INDUSTRIAS%20CREATIVAS/tecnico-en-produccion-audiovisual.jpg?updatedAt=1738193913297
44;Ingeniería en Sonido;Artes e Industrias Creativas;https://bibliotecas.aiep.cl/client/es_CL/default/search/results?qu=42&rt=false%7C%7C%7CAIEP_CARRERA%7C%7C%7CCarrera&st=TL;https://ik.imagekit.io/5wps2tups/FOTOS%20CARRERAS%20ADMISIO%CC%81N%202025-1/1.%20ARTES%20E%20INDUSTRIAS%20CREATIVAS/ingenieria-en-sonido.jpg?updatedAt=1738193910232
45;Animación 3D;Artes e Industrias Creativas;https://bibliotecas.aiep.cl/client/es_CL/default/search/results?qu=139&rt=false%7C%7C%7CAIEP_CARRERA%7C%7C%7CCarrera&st=TL;https://ik.imagekit.io/5wps2tups/FOTOS%20CARRERAS%20ADMISIO%CC%81N%202025-1/1.%20ARTES%20E%20INDUSTRIAS%20CREATIVAS/tecnico-en-animacion-3D.jpg?updatedAt=1738193910133
46;Trabajo Social;Desarrollo Social y Educación;https://bibliotecas.aiep.cl/client/es_CL/default/search/results?qu=112&rt=false%7C%7C%7CAIEP_CARRERA%7C%7C%7CCarrera&st=TL;https://ik.imagekit.io/5wps2tups/FOTOS%20CARRERAS%20ADMISIO%CC%81N%202025-1/3.%20DESARROLLO%20SOCIAL%20Y%20EDUCACIO%CC%81N/trabajo-social.jpg?updatedAt=1738198962069
47;Técnico Asistente Educación Especial;Desarrollo Social y Educación;https://bibliotecas.aiep.cl/client/es_CL/default/search/results?qu=63&rt=false%7C%7C%7CAIEP_CARRERA%7C%7C%7CCarrera&st=TL;https://ik.imagekit.io/5wps2tups/FOTOS%20CARRERAS%20ADMISIO%CC%81N%202025-1/3.%20DESARROLLO%20SOCIAL%20Y%20EDUCACIO%CC%81N/tecnico-asistente-en-educacion-especial.jpg?updatedAt=1738198961694
48;Administración Pública;Desarrollo Social y Educación;https://bibliotecas.aiep.cl/client/es_CL/default/search/results?qu=123&rt=false%7C%7C%7CAIEP_CARRERA%7C%7C%7CCarrera&st=TL;https://ik.imagekit.io/5wps2tups/FOTOS%20CARRERAS%20ADMISIO%CC%81N%202025-1/3.%20DESARROLLO%20SOCIAL%20Y%20EDUCACIO%CC%81N/administracion-publica.jpg?updatedAt=1738198961722
49;Asistente de Párvulos;Desarrollo Social y Educación;https://bibliotecas.aiep.cl/client/es_CL/default/search/results?qu=5&rt=false%7C%7C%7CAIEP_CARRERA%7C%7C%7CCarrera&st=TL;https://ik.imagekit.io/5wps2tups/FOTOS%20CARRERAS%20ADMISIO%CC%81N%202025-1/3.%20DESARROLLO%20SOCIAL%20Y%20EDUCACIO%CC%81N/tecnico-en-educacion-parvularia-1-y-2-basico.jpg?updatedAt=1738198961715
50;Técnico Administración Pública;Desarrollo Social y Educación;https://bibliotecas.aiep.cl/client/es_CL/default/search/results?qu=124&rt=false%7C%7C%7CAIEP_CARRERA%7C%7C%7CCarrera&st=TL;https://ik.imagekit.io/5wps2tups/FOTOS%20CARRERAS%20ADMISIO%CC%81N%202025-1/3.%20DESARROLLO%20SOCIAL%20Y%20EDUCACIO%CC%81N/tecnico-en-administracion-publica.jpg?updatedAt=1738198961935
51;Psicopedagogía;Desarrollo Social y Educación;https://bibliotecas.aiep.cl/client/es_CL/default/search/results?qu=55&rt=false%7C%7C%7CAIEP_CARRERA%7C%7C%7CCarrera&st=TL;https://ik.imagekit.io/5wps2tups/FOTOS%20CARRERAS%20ADMISIO%CC%81N%202025-1/3.%20DESARROLLO%20SOCIAL%20Y%20EDUCACIO%CC%81N/psicopedagogia.jpg?updatedAt=1738198962268
52;Técnico Jurídico;Desarrollo Social y Educación;https://bibliotecas.aiep.cl/client/es_CL/default/search/results?qu=109&rt=false%7C%7C%7CAIEP_CARRERA%7C%7C%7CCarrera&st=TL;https://ik.imagekit.io/5wps2tups/FOTOS%20CARRERAS%20ADMISIO%CC%81N%202025-1/3.%20DESARROLLO%20SOCIAL%20Y%20EDUCACIO%CC%81N/tecnico-juridico.jpg?updatedAt=1738198961765
53;Técnico en Trabajo Social;Desarrollo Social y Educación;https://bibliotecas.aiep.cl/client/es_CL/default/search/results?qu=106&rt=false%7C%7C%7CAIEP_CARRERA%7C%7C%7CCarrera&st=TL;https://ik.imagekit.io/5wps2tups/FOTOS%20CARRERAS%20ADMISIO%CC%81N%202025-1/3.%20DESARROLLO%20SOCIAL%20Y%20EDUCACIO%CC%81N/tecnico-en-trabajo-social.jpg?updatedAt=1738198962098
54;Técnico Educación Parvularia 1° y 2° Básico;Desarrollo Social y Educación;https://bibliotecas.aiep.cl/client/es_CL/default/search/results?qu=166&rt=false%7C%7C%7CAIEP_CARRERA%7C%7C%7CCarrera&st=TL;https://ik.imagekit.io/5wps2tups/FOTOS%20CARRERAS%20ADMISIO%CC%81N%202025-1/3.%20DESARROLLO%20SOCIAL%20Y%20EDUCACIO%CC%81N/tecnico-en-educacion-parvularia-1-y-2-basico.jpg?updatedAt=1738198961715
55;Técnico Educación Especial;Desarrollo Social y Educación;https://bibliotecas.aiep.cl/client/es_CL/default/search/results?qu=63&rt=false%7C%7C%7CAIEP_CARRERA%7C%7C%7CCarrera&st=TL;https://ik.imagekit.io/5wps2tups/FOTOS%20CARRERAS%20ADMISIO%CC%81N%202025-1/3.%20DESARROLLO%20SOCIAL%20Y%20EDUCACIO%CC%81N/tecnico-asistente-en-educacion-especial.jpg?updatedAt=1738198961694
56;Técnico En Cosmetología;Estética Integral;https://bibliotecas.aiep.cl/client/es_CL/default/search/results?qu=16&rt=false%7C%7C%7CAIEP_CARRERA%7C%7C%7CCarrera&st=TL;https://ik.imagekit.io/5wps2tups/FOTOS%20CARRERAS%20ADMISIO%CC%81N%202025-1/4.%20ESTETICA%20INTEGRAL/tecnico-en-cosmetologia.jpg?updatedAt=1738199121055
57;Estética Profesional;Estética Integral;https://bibliotecas.aiep.cl/client/es_CL/default/search/results?qu=22&rt=false%7C%7C%7CAIEP_CARRERA%7C%7C%7CCarrera&st=TL;https://ik.imagekit.io/5wps2tups/FOTOS%20CARRERAS%20ADMISIO%CC%81N%202025-1/4.%20ESTETICA%20INTEGRAL/estetica-profesional.jpg?updatedAt=1738199121111
58;Técnico En Peluquería;Estética Integral;https://bibliotecas.aiep.cl/client/es_CL/default/search/results?qu=100&rt=false%7C%7C%7CAIEP_CARRERA%7C%7C%7CCarrera&st=TL;https://ik.imagekit.io/5wps2tups/FOTOS%20CARRERAS%20ADMISIO%CC%81N%202025-1/4.%20ESTETICA%20INTEGRAL/tecnico-en-peluqueria.jpg?updatedAt=1738199120790
59;Técnico en Masoterapia;Estética Integral;https://bibliotecas.aiep.cl/client/es_CL/default/search/results?qu=95&rt=false%7C%7C%7CAIEP_CARRERA%7C%7C%7CCarrera&st=TL;https://ik.imagekit.io/5wps2tups/FOTOS%20CARRERAS%20ADMISIO%CC%81N%202025-1/4.%20ESTETICA%20INTEGRAL/tecnico-en-masoterapia.jpg?updatedAt=1738199120924
60;Gastronomía Internacional;Gastronomía, Hotel. y Turismo;https://bibliotecas.aiep.cl/client/es_CL/default/search/results?qu=23&rt=false%7C%7C%7CAIEP_CARRERA%7C%7C%7CCarrera&st=TL;https://ik.imagekit.io/5wps2tups/FOTOS%20CARRERAS%20ADMISIO%CC%81N%202025-1/5.%20GASTRONOMI%CC%81A,%20HOTELERI%CC%81A%20Y%20TURISMO/gastronomia-internacional.jpg?updatedAt=1738199210066
61;Técnico en Turismo;Gastronomía, Hotel. y Turismo;https://bibliotecas.aiep.cl/client/es_CL/default/search/results?qu=159&rt=false%7C%7C%7CAIEP_CARRERA%7C%7C%7CCarrera&st=TL;https://ik.imagekit.io/5wps2tups/FOTOS%20CARRERAS%20ADMISIO%CC%81N%202025-1/5.%20GASTRONOMI%CC%81A,%20HOTELERI%CC%81A%20Y%20TURISMO/tecnico-en-turismo.jpg?updatedAt=1738199210424
62;Admininistración Empresas Gastronómicas;Gastronomía, Hotel. y Turismo;https://bibliotecas.aiep.cl/client/es_CL/default/search/results?qu=144&rt=false%7C%7C%7CAIEP_CARRERA%7C%7C%7CCarrera&st=TL;https://ik.imagekit.io/5wps2tups/FOTOS%20CARRERAS%20ADMISIO%CC%81N%202025-1/5.%20GASTRONOMI%CC%81A,%20HOTELERI%CC%81A%20Y%20TURISMO/administracion-de-empresas-gastronomicas.jpg?updatedAt=1738199210281
63;Técnico en Hotelería;Gastronomía, Hotel. y Turismo;https://bibliotecas.aiep.cl/client/es_CL/default/search/results?qu=107&rt=false%7C%7C%7CAIEP_CARRERA%7C%7C%7CCarrera&st=TL;https://ik.imagekit.io/5wps2tups/FOTOS%20CARRERAS%20ADMISIO%CC%81N%202025-1/5.%20GASTRONOMI%CC%81A,%20HOTELERI%CC%81A%20Y%20TURISMO/tecnico-en-turismo.jpg?updatedAt=1738199210424
64;Construcción Civil;Ing. Energía y Tecnología;https://bibliotecas.aiep.cl/client/es_CL/default/search/results?qu=12&rt=false%7C%7C%7CAIEP_CARRERA%7C%7C%7CCarrera&st=TL;https://ik.imagekit.io/5wps2tups/FOTOS%20CARRERAS%20ADMISIO%CC%81N%202025-1/2.%20INGENIERI%CC%81A,%20ENERGI%CC%81A%20Y%20TECNOLOGI%CC%81A/construccion-civil.jpg?updatedAt=1738194520142
65;Ingeniería Prevención de Riesgos;Ing. Energía y Tecnología;https://bibliotecas.aiep.cl/client/es_CL/default/search/results?qu=41&rt=false%7C%7C%7CAIEP_CARRERA%7C%7C%7CCarrera&st=TL;https://ik.imagekit.io/5wps2tups/FOTOS%20CARRERAS%20ADMISIO%CC%81N%202025-1/2.%20INGENIERI%CC%81A,%20ENERGI%CC%81A%20Y%20TECNOLOGI%CC%81A/ingenieria-en-prevencion-de-riesgos.jpg?updatedAt=1738194520345
66;Técnico en Construcción;Ing. Energía y Tecnología;https://bibliotecas.aiep.cl/client/es_CL/default/search/results?qu=74&rt=false%7C%7C%7CAIEP_CARRERA%7C%7C%7CCarrera&st=TL;https://ik.imagekit.io/5wps2tups/FOTOS%20CARRERAS%20ADMISIO%CC%81N%202025-1/2.%20INGENIERI%CC%81A,%20ENERGI%CC%81A%20Y%20TECNOLOGI%CC%81A/tecnico-en-construccion.jpg?updatedAt=1738194525238
67;Técnico Electricidad y Electrónica;Ing. Energía y Tecnología;https://bibliotecas.aiep.cl/client/es_CL/default/search/results?qu=77&rt=false%7C%7C%7CAIEP_CARRERA%7C%7C%7CCarrera&st=TL;https://ik.imagekit.io/5wps2tups/FOTOS%20CARRERAS%20ADMISIO%CC%81N%202025-1/2.%20INGENIERI%CC%81A,%20ENERGI%CC%81A%20Y%20TECNOLOGI%CC%81A/tecnico-en-electricidad-y-electronica.jpg?updatedAt=1738194526529
68;Técnico en Prevención de Riesgos;Ing. Energía y Tecnología;https://bibliotecas.aiep.cl/client/es_CL/default/search/results?qu=113&rt=false%7C%7C%7CAIEP_CARRERA%7C%7C%7CCarrera&st=TL;https://ik.imagekit.io/5wps2tups/FOTOS%20CARRERAS%20ADMISIO%CC%81N%202025-1/2.%20INGENIERI%CC%81A,%20ENERGI%CC%81A%20Y%20TECNOLOGI%CC%81A/tecnico-en-prevencion-de-riesgos.jpg?updatedAt=1738194528222
69;Técnico en Topografía;Ing. Energía y Tecnología;https://bibliotecas.aiep.cl/client/es_CL/default/search/results?qu=111&rt=false%7C%7C%7CAIEP_CARRERA%7C%7C%7CCarrera&st=TL;https://ik.imagekit.io/5wps2tups/FOTOS%20CARRERAS%20ADMISIO%CC%81N%202025-1/2.%20INGENIERI%CC%81A,%20ENERGI%CC%81A%20Y%20TECNOLOGI%CC%81A/tecnico-en-topografia.jpg?updatedAt=1738194528606
70;Ingeniería en Ciberseguridad;Ing. Energía y Tecnología;https://bibliotecas.aiep.cl/client/es_CL/default/search/results?qu=134&rt=false%7C%7C%7CAIEP_CARRERA%7C%7C%7CCarrera&st=TL;https://ik.imagekit.io/5wps2tups/FOTOS%20CARRERAS%20ADMISIO%CC%81N%202025-1/2.%20INGENIERI%CC%81A,%20ENERGI%CC%81A%20Y%20TECNOLOGI%CC%81A/ingenieria-en-ciberseguridad.jpg?updatedAt=1738194520356
71;Técnico Programación y Análisis de Sistemas;Ing. Energía y Tecnología;https://bibliotecas.aiep.cl/client/es_CL/default/search/results?qu=54&rt=false%7C%7C%7CAIEP_CARRERA%7C%7C%7CCarrera&st=TL;https://ik.imagekit.io/5wps2tups/FOTOS%20CARRERAS%20ADMISIO%CC%81N%202025-1/2.%20INGENIERI%CC%81A,%20ENERGI%CC%81A%20Y%20TECNOLOGI%CC%81A/tecnico-en-programacion-y-analisis-de-sistemas.jpg?updatedAt=1738194528595
72;Técnico Mecánica Automotriz Maquinaria Pesada;Ing. Energía y Tecnología;https://bibliotecas.aiep.cl/client/es_CL/default/search/results?qu=115&rt=false%7C%7C%7CAIEP_CARRERA%7C%7C%7CCarrera&st=TL;https://ik.imagekit.io/5wps2tups/FOTOS%20CARRERAS%20ADMISIO%CC%81N%202025-1/2.%20INGENIERI%CC%81A,%20ENERGI%CC%81A%20Y%20TECNOLOGI%CC%81A/tecnico-en-mecanica-automotriz-en-maquinaria-pesada.jpg?updatedAt=1738194526977
73;Ingeniería Electricidad y Energías Renovables;Ing. Energía y Tecnología;https://bibliotecas.aiep.cl/client/es_CL/default/search/results?qu=136&rt=false%7C%7C%7CAIEP_CARRERA%7C%7C%7CCarrera&st=TL;https://ik.imagekit.io/5wps2tups/FOTOS%20CARRERAS%20ADMISIO%CC%81N%202025-1/2.%20INGENIERI%CC%81A,%20ENERGI%CC%81A%20Y%20TECNOLOGI%CC%81A/ingenieria-en-electricidad-y-energias-renovables.jpg?updatedAt=1738194520174
74;Técnico Dibujo Arquitectura y Obras Civiles;Ing. Energía y Tecnología;https://bibliotecas.aiep.cl/client/es_CL/default/search/results?qu=17&rt=false%7C%7C%7CAIEP_CARRERA%7C%7C%7CCarrera&st=TL;https://ik.imagekit.io/5wps2tups/FOTOS%20CARRERAS%20ADMISIO%CC%81N%202025-1/2.%20INGENIERI%CC%81A,%20ENERGI%CC%81A%20Y%20TECNOLOGI%CC%81A/tecnico-en-dibujo-de-arquitectura-y-obras-civiles.jpg?updatedAt=1738194525393
75;Ingeniería en Automatización y Control Industrial;Ing. Energía y Tecnología;https://bibliotecas.aiep.cl/client/es_CL/default/search/results?qu=158&rt=false%7C%7C%7CAIEP_CARRERA%7C%7C%7CCarrera&st=TL;https://ik.imagekit.io/5wps2tups/FOTOS%20CARRERAS%20ADMISIO%CC%81N%202025-1/2.%20INGENIERI%CC%81A,%20ENERGI%CC%81A%20Y%20TECNOLOGI%CC%81A/ingenieria-en-automatizacion-y-control-industrial.jpg?updatedAt=1738194522254
76;Técnico Automatización y Control Industrial;Ing. Energía y Tecnología;https://bibliotecas.aiep.cl/client/es_CL/default/search/results?qu=125&rt=false%7C%7C%7CAIEP_CARRERA%7C%7C%7CCarrera&st=TL;https://ik.imagekit.io/5wps2tups/FOTOS%20CARRERAS%20ADMISIO%CC%81N%202025-1/2.%20INGENIERI%CC%81A,%20ENERGI%CC%81A%20Y%20TECNOLOGI%CC%81A/tecnico-en-automatizacion-y-control-industrial.jpg?updatedAt=1738194524422
77;Ingeniería Ejecución Informática Mención Desarrollo Sistemas;Ing. Energía y Tecnología;https://bibliotecas.aiep.cl/client/es_CL/default/search/results?qu=34&rt=false%7C%7C%7CAIEP_CARRERA%7C%7C%7CCarrera&st=TL;https://ik.imagekit.io/5wps2tups/FOTOS%20CARRERAS%20ADMISIO%CC%81N%202025-1/2.%20INGENIERI%CC%81A,%20ENERGI%CC%81A%20Y%20TECNOLOGI%CC%81A/ingenieria-en-informatica.jpg?updatedAt=1738194522148
78;Técnico Mecánica Automotriz y Autotrónica;Ing. Energía y Tecnología;https://bibliotecas.aiep.cl/client/es_CL/default/search/results?qu=96&rt=false%7C%7C%7CAIEP_CARRERA%7C%7C%7CCarrera&st=TL;https://ik.imagekit.io/5wps2tups/FOTOS%20CARRERAS%20ADMISIO%CC%81N%202025-1/2.%20INGENIERI%CC%81A,%20ENERGI%CC%81A%20Y%20TECNOLOGI%CC%81A/ingenieria-en-mecanica-automotriz-y-autotronica.jpg?updatedAt=1738194520549
79;Ingeniería en Minas;Ing. Energía y Tecnología;https://bibliotecas.aiep.cl/client/es_CL/default/search/results?qu=40&rt=false%7C%7C%7CAIEP_CARRERA%7C%7C%7CCarrera&st=TL;https://ik.imagekit.io/5wps2tups/FOTOS%20CARRERAS%20ADMISIO%CC%81N%202025-1/2.%20INGENIERI%CC%81A,%20ENERGI%CC%81A%20Y%20TECNOLOGI%CC%81A/ingenieria-en-minas.jpg?updatedAt=1738194522445
80;Técnico Mantenimiento Industrial;Ing. Energía y Tecnología;https://bibliotecas.aiep.cl/client/es_CL/default/search/results?qu=131&rt=false%7C%7C%7CAIEP_CARRERA%7C%7C%7CCarrera&st=TL;https://ik.imagekit.io/5wps2tups/FOTOS%20CARRERAS%20ADMISIO%CC%81N%202025-1/2.%20INGENIERI%CC%81A,%20ENERGI%CC%81A%20Y%20TECNOLOGI%CC%81A/tecnico-en-mantenimiento-industrial.jpg?updatedAt=1738194527432
81;Ingeniería Industrial;Ing. Energía y Tecnología;https://bibliotecas.aiep.cl/client/es_CL/default/search/results?qu=148&rt=false%7C%7C%7CAIEP_CARRERA%7C%7C%7CCarrera&st=TL;https://ik.imagekit.io/5wps2tups/FOTOS%20CARRERAS%20ADMISIO%CC%81N%202025-1/2.%20INGENIERI%CC%81A,%20ENERGI%CC%81A%20Y%20TECNOLOGI%CC%81A/ingenieria-industrial.jpg?updatedAt=1738194524485
82;Ingeniería Infraestructura y Seguridad Redes;Ing. Energía y Tecnología;https://bibliotecas.aiep.cl/client/es_CL/default/search/results?qu=39&rt=false%7C%7C%7CAIEP_CARRERA%7C%7C%7CCarrera&st=TL;https://ik.imagekit.io/5wps2tups/FOTOS%20CARRERAS%20ADMISIO%CC%81N%202025-1/2.%20INGENIERI%CC%81A,%20ENERGI%CC%81A%20Y%20TECNOLOGI%CC%81A/ingenieria-en-infraestructura-y-seguridad-de-redes.jpg?updatedAt=1738194521828
83;Ingeniería Mecánica Automotriz y Autotrónica;Ing. Energía y Tecnología;https://bibliotecas.aiep.cl/client/es_CL/default/search/results?qu=133&rt=false%7C%7C%7CAIEP_CARRERA%7C%7C%7CCarrera&st=TL;https://ik.imagekit.io/5wps2tups/FOTOS%20CARRERAS%20ADMISIO%CC%81N%202025-1/2.%20INGENIERI%CC%81A,%20ENERGI%CC%81A%20Y%20TECNOLOGI%CC%81A/ingenieria-en-mecanica-automotriz-y-autotronica.jpg?updatedAt=1738194520549
84;Técnico en Minería;Ing. Energía y Tecnología;https://bibliotecas.aiep.cl/client/es_CL/default/search/results?qu=97&rt=false%7C%7C%7CAIEP_CARRERA%7C%7C%7CCarrera&st=TL;https://ik.imagekit.io/5wps2tups/FOTOS%20CARRERAS%20ADMISIO%CC%81N%202025-1/2.%20INGENIERI%CC%81A,%20ENERGI%CC%81A%20Y%20TECNOLOGI%CC%81A/tecnico-en-mineria.jpg?updatedAt=1738194527861
85;Técnico Mantenimiento Electromecánico Maquinaria Pesada;Ing. Energía y Tecnología;https://bibliotecas.aiep.cl/client/es_CL/default/search/results?qu=142&rt=false%7C%7C%7CAIEP_CARRERA%7C%7C%7CCarrera&st=TL;https://ik.imagekit.io/5wps2tups/FOTOS%20CARRERAS%20ADMISIO%CC%81N%202025-1/2.%20INGENIERI%CC%81A,%20ENERGI%CC%81A%20Y%20TECNOLOGI%CC%81A/tecnico-en-mantenimiento-electromecanico-en-maquinaria-pesada.jpg?updatedAt=1738194527490
86;Ingeniería en Data Science;Ing. Energía y Tecnología;https://bibliotecas.aiep.cl/client/es_CL/default/search/results?qu=127&rt=false%7C%7C%7CAIEP_CARRERA%7C%7C%7CCarrera&st=TL;https://ik.imagekit.io/5wps2tups/FOTOS%20CARRERAS%20ADMISIO%CC%81N%202025-1/2.%20INGENIERI%CC%81A,%20ENERGI%CC%81A%20Y%20TECNOLOGI%CC%81A/ingenieria-en-data-science.jpg?updatedAt=1738194521811
87;Técnico en Análisis de Datos;Ing. Energía y Tecnología;https://bibliotecas.aiep.cl/client/es_CL/default/search/results?qu=138&rt=false%7C%7C%7CAIEP_CARRERA%7C%7C%7CCarrera&st=TL;https://ik.imagekit.io/5wps2tups/FOTOS%20CARRERAS%20ADMISIO%CC%81N%202025-1/2.%20INGENIERI%CC%81A,%20ENERGI%CC%81A%20Y%20TECNOLOGI%CC%81A/tecnico-en-analisis-de-datos.jpg?updatedAt=1738194523584
88;Técnico en Ciberseguridad;Ing. Energía y Tecnología;https://bibliotecas.aiep.cl/client/es_CL/default/search/results?qu=153&rt=false%7C%7C%7CAIEP_CARRERA%7C%7C%7CCarrera&st=TL;https://ik.imagekit.io/5wps2tups/FOTOS%20CARRERAS%20ADMISIO%CC%81N%202025-1/2.%20INGENIERI%CC%81A,%20ENERGI%CC%81A%20Y%20TECNOLOGI%CC%81A/tecnico-en-ciberseguridad.jpg?updatedAt=1738194524188
89;Técnico Gestión Industrial;Ing. Energía y Tecnología;https://bibliotecas.aiep.cl/client/es_CL/default/search/results?qu=147&rt=false%7C%7C%7CAIEP_CARRERA%7C%7C%7CCarrera&st=TL;https://ik.imagekit.io/5wps2tups/FOTOS%20CARRERAS%20ADMISIO%CC%81N%202025-1/2.%20INGENIERI%CC%81A,%20ENERGI%CC%81A%20Y%20TECNOLOGI%CC%81A/tecnico-en-gestion-industrial.jpg?updatedAt=1738194526570
90;Técnico Instalación y Mantención Redes;Ing. Energía y Tecnología;https://bibliotecas.aiep.cl/client/es_CL/default/search/results?qu=91&rt=false%7C%7C%7CAIEP_CARRERA%7C%7C%7CCarrera&st=TL;https://ik.imagekit.io/5wps2tups/FOTOS%20CARRERAS%20ADMISIO%CC%81N%202025-1/2.%20INGENIERI%CC%81A,%20ENERGI%CC%81A%20Y%20TECNOLOGI%CC%81A/tecnico-en-mantenimiento-industrial.jpg?updatedAt=1738194527432
91;Técnico Gestión Procesos Mineros;Ing. Energía y Tecnología;https://bibliotecas.aiep.cl/client/es_CL/default/search/results?qu=157&rt=false%7C%7C%7CAIEP_CARRERA%7C%7C%7CCarrera&st=TL;https://ik.imagekit.io/5wps2tups/FOTOS%20CARRERAS%20ADMISIO%CC%81N%202025-1/2.%20INGENIERI%CC%81A,%20ENERGI%CC%81A%20Y%20TECNOLOGI%CC%81A/tecnico-en-gestion-de-procesos-mineros.jpg?updatedAt=1738194526091
92;Ingeniería en Informática;Ing. Energía y Tecnología;https://bibliotecas.aiep.cl/client/es_CL/default/search/results?qu=150&rt=false%7C%7C%7CAIEP_CARRERA%7C%7C%7CCarrera&st=TL;https://ik.imagekit.io/5wps2tups/FOTOS%20CARRERAS%20ADMISIO%CC%81N%202025-1/2.%20INGENIERI%CC%81A,%20ENERGI%CC%81A%20Y%20TECNOLOGI%CC%81A/ingenieria-en-informatica.jpg?updatedAt=1738194522148
93;Técnico Conectividad y Seguridad Redes;Ing. Energía y Tecnología;https://bibliotecas.aiep.cl/client/es_CL/default/search/results?qu=161&rt=false%7C%7C%7CAIEP_CARRERA%7C%7C%7CCarrera&st=TL;https://ik.imagekit.io/5wps2tups/FOTOS%20CARRERAS%20ADMISIO%CC%81N%202025-1/2.%20INGENIERI%CC%81A,%20ENERGI%CC%81A%20Y%20TECNOLOGI%CC%81A/tecnico-en-conectividad-y-seguridad-de-redes.jpg?updatedAt=1738194524427
94;Técnico Mantenimiento Mecánico Minero;Ing. Energía y Tecnología;https://bibliotecas.aiep.cl/client/es_CL/default/search/results?qu=162&rt=false%7C%7C%7CAIEP_CARRERA%7C%7C%7CCarrera&st=TL;https://ik.imagekit.io/5wps2tups/FOTOS%20CARRERAS%20ADMISIO%CC%81N%202025-1/2.%20INGENIERI%CC%81A,%20ENERGI%CC%81A%20Y%20TECNOLOGI%CC%81A/tecnico-en-mantenimiento-mecanico-minero.jpg?updatedAt=1738194527651
95;Técnico Electricidad y Energías Renovables;Ing. Energía y Tecnología;https://bibliotecas.aiep.cl/client/es_CL/default/search/results?qu=156&rt=false%7C%7C%7CAIEP_CARRERA%7C%7C%7CCarrera&st=TL;https://ik.imagekit.io/5wps2tups/FOTOS%20CARRERAS%20ADMISIO%CC%81N%202025-1/2.%20INGENIERI%CC%81A,%20ENERGI%CC%81A%20Y%20TECNOLOGI%CC%81A/tecnico-en-electricidad-y-energias-renovables.jpg?updatedAt=1738194524789
96;Programación y Análisis de Sistemas;Ing. Energía y Tecnología;https://bibliotecas.aiep.cl/client/es_CL/default/search/results?qu=54&rt=false%7C%7C%7CAIEP_CARRERA%7C%7C%7CCarrera&st=TL;https://ik.imagekit.io/5wps2tups/FOTOS%20CARRERAS%20ADMISIO%CC%81N%202025-1/2.%20INGENIERI%CC%81A,%20ENERGI%CC%81A%20Y%20TECNOLOGI%CC%81A/tecnico-en-programacion-y-analisis-de-sistemas.jpg?updatedAt=1738194528595
97;Técnico en Refrigeración Climatización;Ing. Energía y Tecnología;https://bibliotecas.aiep.cl/client/es_CL/default/search/results?qu=171;https://ik.imagekit.io/5wps2tups/FOTOS%20CARRERAS%20ADMISIO%CC%81N%202025-1/8-Nuevas-Carreras-2026/Te%CC%81cnico%20en%20Refrigeracio%CC%81n%20y%20Climatizacio%CC%81n.jpg
98;Técnico en Metalurgia;Ing. Energía y Tecnología;https://bibliotecas.aiep.cl/client/es_CL/default/search/results?qu=170;https://ik.imagekit.io/5wps2tups/FOTOS%20CARRERAS%20ADMISIO%CC%81N%202025-1/8-Nuevas-Carreras-2026/Te%CC%81cnico%20en%20Metalurgia.jpg
99;Análisis De Datos;Ing. Energía y Tecnología;https://bibliotecas.aiep.cl/client/es_CL/default/search/results?qu=138&rt=false%7C%7C%7CAIEP_CARRERA%7C%7C%7CCarrera&st=TL;https://ik.imagekit.io/5wps2tups/FOTOS%20CARRERAS%20ADMISIO%CC%81N%202025-1/2.%20INGENIERI%CC%81A,%20ENERGI%CC%81A%20Y%20TECNOLOGI%CC%81A/tecnico-en-analisis-de-datos.jpg?updatedAt=1738194523584
100;Técnico en Construcción Industrial;Ing. Energía y Tecnología;https://bibliotecas.aiep.cl/client/es_CL/default/search/results?qu=175;https://ik.imagekit.io/5wps2tups/FOTOS%20CARRERAS%20ADMISIO%CC%81N%202025-1/8-Nuevas-Carreras-2026/Te%CC%81cnico%20en%20Construccio%CC%81n%20Industrializada.jpg
101;Técnico en Mantenimiento Aeronáutico;Ing. Energía y Tecnología;https://bibliotecas.aiep.cl/client/es_CL/default/search/results?qu=169;https://ik.imagekit.io/5wps2tups/FOTOS%20CARRERAS%20ADMISIO%CC%81N%202025-1/8-Nuevas-Carreras-2026/Te%CC%81cnico%20en%20Mantenimiento%20Aerona%CC%81utico.jpg
102;Técnico Enfermería Mención Pediatría;Salud y Deporte;https://bibliotecas.aiep.cl/client/es_CL/default/search/results?qu=83&rt=false%7C%7C%7CAIEP_CARRERA%7C%7C%7CCarrera&st=TL;https://ik.imagekit.io/5wps2tups/FOTOS%20CARRERAS%20ADMISIO%CC%81N%202025-1/7.%20SALUD%20Y%20DEPORTES/tecnico-en-enfermeria-mencion-oncologia.jpg?updatedAt=1738199721845
103;Técnico Enfermería e Instrumentación Quirúrgica;Salud y Deporte;https://bibliotecas.aiep.cl/client/es_CL/default/search/results?qu=86&rt=false%7C%7C%7CAIEP_CARRERA%7C%7C%7CCarrera&st=TL;https://ik.imagekit.io/5wps2tups/FOTOS%20CARRERAS%20ADMISIO%CC%81N%202025-1/7.%20SALUD%20Y%20DEPORTES/tecnico-en-enfermeria-e-instrumentacion-quirurgica.jpg?updatedAt=1738199721841
104;Técnico en Enfermería;Salud y Deporte;https://bibliotecas.aiep.cl/client/es_CL/default/search/results?qu=78&rt=false%7C%7C%7CAIEP_CARRERA%7C%7C%7CCarrera&st=TL;https://ik.imagekit.io/5wps2tups/FOTOS%20CARRERAS%20ADMISIO%CC%81N%202025-1/7.%20SALUD%20Y%20DEPORTES/tecnico-en-enfermeria.jpg?updatedAt=1738199721941
105;Técnico Enfermería Mención  Anestesiología;Salud y Deporte;https://bibliotecas.aiep.cl/client/es_CL/default/search/results?qu=81&rt=false%7C%7C%7CAIEP_CARRERA%7C%7C%7CCarrera&st=TL;https://ik.imagekit.io/5wps2tups/FOTOS%20CARRERAS%20ADMISIO%CC%81N%202025-1/7.%20SALUD%20Y%20DEPORTES/tecnico-en-enfermeria-mencion-anestesiologia.jpg?updatedAt=1738199722305
106;Podología Clínica;Salud y Deporte;https://bibliotecas.aiep.cl/client/es_CL/default/search/results?qu=49&rt=false%7C%7C%7CAIEP_CARRERA%7C%7C%7CCarrera&st=TL;https://ik.imagekit.io/5wps2tups/FOTOS%20CARRERAS%20ADMISIO%CC%81N%202025-1/7.%20SALUD%20Y%20DEPORTES/podologia-clinica.jpg?updatedAt=1738199721826
107;Técnico Deportivo;Salud y Deporte;https://bibliotecas.aiep.cl/client/es_CL/default/search/results?qu=65&rt=false%7C%7C%7CAIEP_CARRERA%7C%7C%7CCarrera&st=TL;https://ik.imagekit.io/5wps2tups/FOTOS%20CARRERAS%20ADMISIO%CC%81N%202025-1/7.%20SALUD%20Y%20DEPORTES/tecnico-deportivo.jpg?updatedAt=1738199721602
108;Personal Trainer;Salud y Deporte;https://bibliotecas.aiep.cl/client/es_CL/default/search/results?qu=46&rt=false%7C%7C%7CAIEP_CARRERA%7C%7C%7CCarrera&st=TL;https://ik.imagekit.io/5wps2tups/FOTOS%20CARRERAS%20ADMISIO%CC%81N%202025-1/7.%20SALUD%20Y%20DEPORTES/personal-trainer.jpg?updatedAt=1738199721850
109;Técnico en Imagenología;Salud y Deporte;https://bibliotecas.aiep.cl/client/es_CL/default/search/results?qu=90&rt=false%7C%7C%7CAIEP_CARRERA%7C%7C%7CCarrera&st=TL;https://ik.imagekit.io/5wps2tups/FOTOS%20CARRERAS%20ADMISIO%CC%81N%202025-1/7.%20SALUD%20Y%20DEPORTES/tecnico-en-imagenologia.jpg?updatedAt=1738199723533
110;Técnico Enfermería Mención Oncología;Salud y Deporte;https://bibliotecas.aiep.cl/client/es_CL/default/search/results?qu=80&rt=false%7C%7C%7CAIEP_CARRERA%7C%7C%7CCarrera&st=TL;https://ik.imagekit.io/5wps2tups/FOTOS%20CARRERAS%20ADMISIO%CC%81N%202025-1/7.%20SALUD%20Y%20DEPORTES/tecnico-en-enfermeria-mencion-oncologia.jpg?updatedAt=1738199721845
111;Laboratorista Dental;Salud y Deporte;https://bibliotecas.aiep.cl/client/es_CL/default/search/results?qu=44&rt=false%7C%7C%7CAIEP_CARRERA%7C%7C%7CCarrera&st=TL;https://ik.imagekit.io/5wps2tups/FOTOS%20CARRERAS%20ADMISIO%CC%81N%202025-1/7.%20SALUD%20Y%20DEPORTES/laboratorista-dental.jpg?updatedAt=1738199721964
112;Técnico Enfermería Mención Ginecobstetricia;Salud y Deporte;https://bibliotecas.aiep.cl/client/es_CL/default/search/results?qu=79&rt=false%7C%7C%7CAIEP_CARRERA%7C%7C%7CCarrera&st=TL;https://ik.imagekit.io/5wps2tups/FOTOS%20CARRERAS%20ADMISIO%CC%81N%202025-1/7.%20SALUD%20Y%20DEPORTES/tecnico-en-enfermeria-mencion-anestesiologia.jpg?updatedAt=1738199722305
113;Técnico Laboratorio Clínico y Banco  Sangre;Salud y Deporte;https://bibliotecas.aiep.cl/client/es_CL/default/search/results?qu=92&rt=false%7C%7C%7CAIEP_CARRERA%7C%7C%7CCarrera&st=TL;https://ik.imagekit.io/5wps2tups/FOTOS%20CARRERAS%20ADMISIO%CC%81N%202025-1/7.%20SALUD%20Y%20DEPORTES/tecnico-en-laboratorio-clinico-y-banco-de-sagre.jpg?updatedAt=1738199723651
114;Técnico en Odontología;Salud y Deporte;https://bibliotecas.aiep.cl/client/es_CL/default/search/results?qu=99&rt=false%7C%7C%7CAIEP_CARRERA%7C%7C%7CCarrera&st=TL;https://ik.imagekit.io/5wps2tups/FOTOS%20CARRERAS%20ADMISIO%CC%81N%202025-1/7.%20SALUD%20Y%20DEPORTES/tecnico-en-odontologia.jpg?updatedAt=1738199723384
115;Técnico en Farmacia;Salud y Deporte;https://bibliotecas.aiep.cl/client/es_CL/default/search/results?qu=155&rt=false%7C%7C%7CAIEP_CARRERA%7C%7C%7CCarrera&st=TL;https://ik.imagekit.io/5wps2tups/FOTOS%20CARRERAS%20ADMISIO%CC%81N%202025-1/7.%20SALUD%20Y%20DEPORTES/tecnico-en-farmacia.jpg?updatedAt=1738199721801
116;Técnico Enfermería Mención Salud Mental;Salud y Deporte;https://bibliotecas.aiep.cl/client/es_CL/default/search/results?qu=88&rt=false%7C%7C%7CAIEP_CARRERA%7C%7C%7CCarrera&st=TL;https://ik.imagekit.io/5wps2tups/FOTOS%20CARRERAS%20ADMISIO%CC%81N%202025-1/7.%20SALUD%20Y%20DEPORTES/tecnico-en-enfermeria-mencion-salud-mental.jpg?updatedAt=1738199721982
117;Técnico Enfermería Mención Urgencia;Salud y Deporte;https://bibliotecas.aiep.cl/client/es_CL/default/search/results?qu=84&rt=false%7C%7C%7CAIEP_CARRERA%7C%7C%7CCarrera&st=TL;https://ik.imagekit.io/5wps2tups/FOTOS%20CARRERAS%20ADMISIO%CC%81N%202025-1/7.%20SALUD%20Y%20DEPORTES/tecnico-en-enfermeria-mencion-oncologia.jpg?updatedAt=1738199721845
118;Entrenador Personal;Salud y Deporte;https://bibliotecas.aiep.cl/client/es_CL/default/search/results?qu=46&rt=false%7C%7C%7CAIEP_CARRERA%7C%7C%7CCarrera&st=TL;https://ik.imagekit.io/5wps2tups/FOTOS%20CARRERAS%20ADMISIO%CC%81N%202025-1/7.%20SALUD%20Y%20DEPORTES/personal-trainer.jpg?updatedAt=1738199721850
