Escuela;Nombre Carrera;URL Carrera;FOTO_URL
Administración y Gestión Empresarial;AUDITORÍA;https://bibliotecas.aiep.cl/client/es_CL/default/search/results?qu=6&rt=false%7C%7C%7CAIEP_CARRERA%7C%7C%7CCarrera&st=TL;https://ik.imagekit.io/5wps2tups/FOTOS%20CARRERAS%20ADMISIO%CC%81N%202025-1/6.%20ADMINISTRACIO%CC%81N%20Y%20GESTIO%CC%81N%20EMPRESARIAL/auditoria.jpg?updatedAt=1738199310389
Administración y Gestión Empresarial;CONTABILIDAD GENERAL;https://bibliotecas.aiep.cl/client/es_CL/default/search/results?qu=13&rt=false%7C%7C%7CAIEP_CARRERA%7C%7C%7CCarrera&st=TL;https://ik.imagekit.io/5wps2tups/FOTOS%20CARRERAS%20ADMISIO%CC%81N%202025-1/6.%20ADMINISTRACIO%CC%81N%20Y%20GESTIO%CC%81N%20EMPRESARIAL/contabilidad-general.jpg?updatedAt=1738199307422
Administración y Gestión Empresarial;INGENIERÍA EJECUCIÓN ADMINISTRACIÓN EMPRESAS MENCIÓN FINANZAS;https://bibliotecas.aiep.cl/client/es_CL/default/search/results?qu=27&rt=false%7C%7C%7CAIEP_CARRERA%7C%7C%7CCarrera&st=TL;https://ik.imagekit.io/5wps2tups/FOTOS%20CARRERAS%20ADMISIO%CC%81N%202025-1/6.%20ADMINISTRACIO%CC%81N%20Y%20GESTIO%CC%81N%20EMPRESARIAL/ingenieria-en-administracion-de-empresas.jpg?updatedAt=1738199310437
Administración y Gestión Empresarial;INGENIERÍA EJECUCIÓN ADMINISTRACIÓN EMPRESAS MENCIÓN MARKETING;https://bibliotecas.aiep.cl/client/es_CL/default/search/results?qu=165&rt=false%7C%7C%7CAIEP_CARRERA%7C%7C%7CCarrera&st=TL;https://ik.imagekit.io/5wps2tups/FOTOS%20CARRERAS%20ADMISIO%CC%81N%202025-1/6.%20ADMINISTRACIO%CC%81N%20Y%20GESTIO%CC%81N%20EMPRESARIAL/ingenieria-en-administracion-de-empresas.jpg?updatedAt=1738199310437
Administración y Gestión Empresarial;INGENIERÍA EJECUCIÓN ADMINISTRACIÓN EMPRESAS MENCIÓN RECURSOS HUMANOS;https://bibliotecas.aiep.cl/client/es_CL/default/search/results?qu=26&rt=false%7C%7C%7CAIEP_CARRERA%7C%7C%7CCarrera&st=TL;https://ik.imagekit.io/5wps2tups/FOTOS%20CARRERAS%20ADMISIO%CC%81N%202025-1/6.%20ADMINISTRACIO%CC%81N%20Y%20GESTIO%CC%81N%20EMPRESARIAL/ingenieria-en-administracion-de-empresas-mencion-recursos-humanos.jpg?updatedAt=1738199309278
Administración y Gestión Empresarial;INGENIERÍA EN ADMINISTRACIÓN DE EMPRESAS;https://bibliotecas.aiep.cl/client/es_CL/default/search/results?qu=160&rt=false%7C%7C%7CAIEP_CARRERA%7C%7C%7CCarrera&st=TL;https://ik.imagekit.io/5wps2tups/FOTOS%20CARRERAS%20ADMISIO%CC%81N%202025-1/6.%20ADMINISTRACIO%CC%81N%20Y%20GESTIO%CC%81N%20EMPRESARIAL/ingenieria-en-administracion-de-empresas.jpg?updatedAt=1738199310437
Administración y Gestión Empresarial;INGENIERÍA EN ADMINISTRACIÓN DE EMPRESAS MENCIÓN FINANZAS;https://bibliotecas.aiep.cl/client/es_CL/default/search/results?qu=129&rt=false%7C%7C%7CAIEP_CARRERA%7C%7C%7CCarrera&st=TL;https://ik.imagekit.io/5wps2tups/FOTOS%20CARRERAS%20ADMISIO%CC%81N%202025-1/6.%20ADMINISTRACIO%CC%81N%20Y%20GESTIO%CC%81N%20EMPRESARIAL/ingenieria-en-administracion-de-empresas-mencion-finanzas.jpg?updatedAt=1738199307818
Administración y Gestión Empresarial;INGENIERÍA EN ADMINISTRACIÓN DE EMPRESAS MENCIÓN MARKETING;https://bibliotecas.aiep.cl/client/es_CL/default/search/results?qu=163&rt=false%7C%7C%7CAIEP_CARRERA%7C%7C%7CCarrera&st=TL;https://ik.imagekit.io/5wps2tups/FOTOS%20CARRERAS%20ADMISIO%CC%81N%202025-1/6.%20ADMINISTRACIO%CC%81N%20Y%20GESTIO%CC%81N%20EMPRESARIAL/ingenieria-en-administracion-de-empresas-mencion-marketing.jpg?updatedAt=1738199307768
Administración y Gestión Empresarial;INGENIERÍA EN ADMINISTRACIÓN DE EMPRESAS MENCIÓN RECURSOS HUMANOS;https://bibliotecas.aiep.cl/client/es_CL/default/search/results?qu=164&rt=false%7C%7C%7CAIEP_CARRERA%7C%7C%7CCarrera&st=TL;https://ik.imagekit.io/5wps2tups/FOTOS%20CARRERAS%20ADMISIO%CC%81N%202025-1/6.%20ADMINISTRACIO%CC%81N%20Y%20GESTIO%CC%81N%20EMPRESARIAL/ingenieria-en-administracion-de-empresas-mencion-recursos-humanos.jpg?updatedAt=1738199309278
Administración y Gestión Empresarial;INGENIERÍA EN GESTIÓN DE OPERACIONES LOGÍSTICAS;https://bibliotecas.aiep.cl/client/es_CL/default/search/results?qu=128&rt=false%7C%7C%7CAIEP_CARRERA%7C%7C%7CCarrera&st=TL;https://ik.imagekit.io/5wps2tups/FOTOS%20CARRERAS%20ADMISIO%CC%81N%202025-1/6.%20ADMINISTRACIO%CC%81N%20Y%20GESTIO%CC%81N%20EMPRESARIAL/ingenieria-en-gestion-de-operaciones-logisticas.jpg?updatedAt=1738199310421
Administración y Gestión Empresarial;INGENIERÍA EN GESTIÓN DE RECURSOS HUMANOS;https://bibliotecas.aiep.cl/client/es_CL/default/search/results?qu=130&rt=false%7C%7C%7CAIEP_CARRERA%7C%7C%7CCarrera&st=TL;https://ik.imagekit.io/5wps2tups/FOTOS%20CARRERAS%20ADMISIO%CC%81N%202025-1/6.%20ADMINISTRACIO%CC%81N%20Y%20GESTIO%CC%81N%20EMPRESARIAL/ingenieria-en-gestion-de-recursos-humanos.jpg?updatedAt=1738199309805
Administración y Gestión Empresarial;INGENIERÍA EN GESTIÓN FINANCIERA;https://bibliotecas.aiep.cl/client/es_CL/default/search/results?qu=152&rt=false%7C%7C%7CAIEP_CARRERA%7C%7C%7CCarrera&st=TL;https://ik.imagekit.io/5wps2tups/FOTOS%20CARRERAS%20ADMISIO%CC%81N%202025-1/6.%20ADMINISTRACIO%CC%81N%20Y%20GESTIO%CC%81N%20EMPRESARIAL/ingenieria-en-gestion-financiera.jpg?updatedAt=1738199310333
Administración y Gestión Empresarial;INGENIERÍA EN NEGOCIOS ELECTRÓNICOS;https://bibliotecas.aiep.cl/client/es_CL/default/search/results?qu=140&rt=false%7C%7C%7CAIEP_CARRERA%7C%7C%7CCarrera&st=TL;https://ik.imagekit.io/5wps2tups/FOTOS%20CARRERAS%20ADMISIO%CC%81N%202025-1/1.%20ARTES%20E%20INDUSTRIAS%20CREATIVAS/tecnico-en-sonido.jpg?updatedAt=1738193913308
Administración y Gestión Empresarial;TÉCNICO EN ADMINISTRACIÓN DE EMPRESAS;https://bibliotecas.aiep.cl/client/es_CL/default/search/results?qu=120&rt=false%7C%7C%7CAIEP_CARRERA%7C%7C%7CCarrera&st=TL;https://ik.imagekit.io/5wps2tups/FOTOS%20CARRERAS%20ADMISIO%CC%81N%202025-1/6.%20ADMINISTRACIO%CC%81N%20Y%20GESTIO%CC%81N%20EMPRESARIAL/tecnico-en-administracion-de-empresas.jpg?updatedAt=1738199307747
Administración y Gestión Empresarial;TÉCNICO EN ADMINISTRACIÓN DE EMPRESAS MENCIÓN FINANZAS;https://bibliotecas.aiep.cl/client/es_CL/default/search/results?qu=69&rt=false%7C%7C%7CAIEP_CARRERA%7C%7C%7CCarrera&st=TL;https://ik.imagekit.io/5wps2tups/FOTOS%20CARRERAS%20ADMISIO%CC%81N%202025-1/6.%20ADMINISTRACIO%CC%81N%20Y%20GESTIO%CC%81N%20EMPRESARIAL/tecnico-en-administracion-de-empresas-mencion-finanzas.jpg?updatedAt=1738199310205
Administración y Gestión Empresarial;TÉCNICO EN ADMINISTRACIÓN DE EMPRESAS MENCIÓN MARKETING;https://bibliotecas.aiep.cl/client/es_CL/default/search/results?qu=67&rt=false%7C%7C%7CAIEP_CARRERA%7C%7C%7CCarrera&st=TL;https://ik.imagekit.io/5wps2tups/FOTOS%20CARRERAS%20ADMISIO%CC%81N%202025-1/6.%20ADMINISTRACIO%CC%81N%20Y%20GESTIO%CC%81N%20EMPRESARIAL/tecnico-en-administracion-de-empresas-mecion-marketing.jpg?updatedAt=1738199307795
Administración y Gestión Empresarial;TÉCNICO EN ADMINISTRACIÓN DE EMPRESAS MENCIÓN RECURSOS HUMANOS;https://bibliotecas.aiep.cl/client/es_CL/default/search/results?qu=66&rt=false%7C%7C%7CAIEP_CARRERA%7C%7C%7CCarrera&st=TL;https://ik.imagekit.io/5wps2tups/FOTOS%20CARRERAS%20ADMISIO%CC%81N%202025-1/6.%20ADMINISTRACIO%CC%81N%20Y%20GESTIO%CC%81N%20EMPRESARIAL/tecnico-en-administracion-de-empresas-mencion-recursos-humanos.jpg?updatedAt=1738199307685
Administración y Gestión Empresarial;TÉCNICO EN ADMINISTRACIÓN DE LA PRODUCCIÓN AGROPECUARIA Y AGROINDUSTRIAL;https://bibliotecas.aiep.cl/client/es_CL/default/search/results?qu=71&rt=false%7C%7C%7CAIEP_CARRERA%7C%7C%7CCarrera&st=TL;https://ik.imagekit.io/5wps2tups/FOTOS%20CARRERAS%20ADMISIO%CC%81N%202025-1/6.%20ADMINISTRACIO%CC%81N%20Y%20GESTIO%CC%81N%20EMPRESARIAL/tecnico-en-administracon-de-la-produccion-agropecuaria-y-agroindustrial.jpg?updatedAt=1738199307896
Administración y Gestión Empresarial;TÉCNICO EN COMERCIO ELECTRÓNICO;https://bibliotecas.aiep.cl/client/es_CL/default/search/results?qu=132&rt=false%7C%7C%7CAIEP_CARRERA%7C%7C%7CCarrera&st=TL;https://ik.imagekit.io/5wps2tups/FOTOS%20CARRERAS%20ADMISIO%CC%81N%202025-1/2.%20INGENIERI%CC%81A,%20ENERGI%CC%81A%20Y%20TECNOLOGI%CC%81A/tecnico-en-dibujo-de-arquitectura-y-obras-civiles.jpg?updatedAt=1738194525393
Administración y Gestión Empresarial;TÉCNICO EN GESTIÓN DE RECURSOS HUMANOS;https://bibliotecas.aiep.cl/client/es_CL/default/search/results?qu=151&rt=false%7C%7C%7CAIEP_CARRERA%7C%7C%7CCarrera&st=TL;https://ik.imagekit.io/5wps2tups/FOTOS%20CARRERAS%20ADMISIO%CC%81N%202025-1/6.%20ADMINISTRACIO%CC%81N%20Y%20GESTIO%CC%81N%20EMPRESARIAL/tecnico-en-gestion-de-recursos-humanos.jpg?updatedAt=1738199307693
Administración y Gestión Empresarial;TÉCNICO EN GESTIÓN FINANCIERA;https://bibliotecas.aiep.cl/client/es_CL/default/search/results?qu=149&rt=false%7C%7C%7CAIEP_CARRERA%7C%7C%7CCarrera&st=TL;https://ik.imagekit.io/5wps2tups/FOTOS%20CARRERAS%20ADMISIO%CC%81N%202025-1/6.%20ADMINISTRACIO%CC%81N%20Y%20GESTIO%CC%81N%20EMPRESARIAL/tecnico-en-gestion-financiera.jpg?updatedAt=1738199307858
Administración y Gestión Empresarial;TÉCNICO EN OPERACIONES LOGÍSTICAS;https://bibliotecas.aiep.cl/client/es_CL/default/search/results?qu=121&rt=false%7C%7C%7CAIEP_CARRERA%7C%7C%7CCarrera&st=TL;https://ik.imagekit.io/5wps2tups/FOTOS%20CARRERAS%20ADMISIO%CC%81N%202025-1/6.%20ADMINISTRACIO%CC%81N%20Y%20GESTIO%CC%81N%20EMPRESARIAL/tecnico-en-operaciones-logisticas.jpg?updatedAt=1738199307834
Arte & Industrias Creativas;COMUNICACIÓN Y RELACIONES PÚBLICAS;https://bibliotecas.aiep.cl/client/es_CL/default/search/results?qu=11&rt=false%7C%7C%7CAIEP_CARRERA%7C%7C%7CCarrera&st=TL;https://ik.imagekit.io/5wps2tups/FOTOS%20CARRERAS%20ADMISIO%CC%81N%202025-1/1.%20ARTES%20E%20INDUSTRIAS%20CREATIVAS/tecnico-en-comunicacion-y-relaciones-publicas.jpg?updatedAt=1738193910010
Arte & Industrias Creativas;DISEÑO DE VESTUARIO MENCIÓN ALTA COSTURA;https://bibliotecas.aiep.cl/client/es_CL/default/search/results?qu=19&rt=false%7C%7C%7CAIEP_CARRERA%7C%7C%7CCarrera&st=TL;https://ik.imagekit.io/5wps2tups/FOTOS%20CARRERAS%20ADMISIO%CC%81N%202025-1/1.%20ARTES%20E%20INDUSTRIAS%20CREATIVAS/diseno-de-vestuario-mencion-alta-costura.jpg?updatedAt=1738193910099
Arte & Industrias Creativas;DISEÑO GRÁFICO;https://bibliotecas.aiep.cl/client/es_CL/default/search/results?qu=20&rt=false%7C%7C%7CAIEP_CARRERA%7C%7C%7CCarrera&st=TL;https://ik.imagekit.io/5wps2tups/FOTOS%20CARRERAS%20ADMISIO%CC%81N%202025-1/1.%20ARTES%20E%20INDUSTRIAS%20CREATIVAS/diseno-grafico.jpg?updatedAt=1738193910206
Arte & Industrias Creativas;INGENIERÍA DE EJECUCIÓN SONIDO;https://bibliotecas.aiep.cl/client/es_CL/default/search/results?qu=36&rt=false%7C%7C%7CAIEP_CARRERA%7C%7C%7CCarrera&st=TL;https://ik.imagekit.io/5wps2tups/FOTOS%20CARRERAS%20ADMISIO%CC%81N%202025-1/1.%20ARTES%20E%20INDUSTRIAS%20CREATIVAS/tecnico-en-sonido.jpg?updatedAt=1738193913308
Arte & Industrias Creativas;INGENIERÍA EN ANIMACIÓN 3D;https://bibliotecas.aiep.cl/client/es_CL/default/search/results?qu=28&rt=false%7C%7C%7CAIEP_CARRERA%7C%7C%7CCarrera&st=TL;https://ik.imagekit.io/5wps2tups/FOTOS%20CARRERAS%20ADMISIO%CC%81N%202025-1/1.%20ARTES%20E%20INDUSTRIAS%20CREATIVAS/ingenieria-en-animacion-3D.jpg?updatedAt=1738193910251
Arte & Industrias Creativas;INGENIERÍA EN SONIDO;https://bibliotecas.aiep.cl/client/es_CL/default/search/results?qu=42&rt=false%7C%7C%7CAIEP_CARRERA%7C%7C%7CCarrera&st=TL;https://ik.imagekit.io/5wps2tups/FOTOS%20CARRERAS%20ADMISIO%CC%81N%202025-1/1.%20ARTES%20E%20INDUSTRIAS%20CREATIVAS/tecnico-en-sonido.jpg?updatedAt=1738193913308
Arte & Industrias Creativas;TEATRO;https://bibliotecas.aiep.cl/client/es_CL/default/search/results?qu=61&rt=false%7C%7C%7CAIEP_CARRERA%7C%7C%7CCarrera&st=TL;https://ik.imagekit.io/5wps2tups/FOTOS%20CARRERAS%20ADMISIO%CC%81N%202025-1/1.%20ARTES%20E%20INDUSTRIAS%20CREATIVAS/teatro.jpg?updatedAt=1738193910199
Arte & Industrias Creativas;TÉCNICO EN ANIMACIÓN 3D;https://bibliotecas.aiep.cl/client/es_CL/default/search/results?qu=139&rt=false%7C%7C%7CAIEP_CARRERA%7C%7C%7CCarrera&st=TL;https://ik.imagekit.io/5wps2tups/FOTOS%20CARRERAS%20ADMISIO%CC%81N%202025-1/1.%20ARTES%20E%20INDUSTRIAS%20CREATIVAS/teatro.jpg?updatedAt=1738193910199
Arte & Industrias Creativas;TÉCNICO EN ARTE Y GESTIÓN CULTURAL;https://bibliotecas.aiep.cl/client/es_CL/default/search/results?qu=62&rt=false%7C%7C%7CAIEP_CARRERA%7C%7C%7CCarrera&st=TL;https://ik.imagekit.io/5wps2tups/FOTOS%20CARRERAS%20ADMISIO%CC%81N%202025-1/1.%20ARTES%20E%20INDUSTRIAS%20CREATIVAS/tecnico-en-arte-y-gestion-cultural.jpg?updatedAt=1738193910125
Arte & Industrias Creativas;TÉCNICO EN COMUNICACIÓN Y RELACIONES PÚBLICAS;https://bibliotecas.aiep.cl/client/es_CL/default/search/results?qu=73&rt=false%7C%7C%7CAIEP_CARRERA%7C%7C%7CCarrera&st=TL;https://ik.imagekit.io/5wps2tups/FOTOS%20CARRERAS%20ADMISIO%CC%81N%202025-1/1.%20ARTES%20E%20INDUSTRIAS%20CREATIVAS/tecnico-en-comunicacion-y-relaciones-publicas.jpg?updatedAt=1738193910010
Arte & Industrias Creativas;TÉCNICO EN DISEÑO DE ESPACIOS Y EQUIPAMIENTO;https://bibliotecas.aiep.cl/client/es_CL/default/search/results?qu=75&rt=false%7C%7C%7CAIEP_CARRERA%7C%7C%7CCarrera&st=TL;https://ik.imagekit.io/5wps2tups/FOTOS%20CARRERAS%20ADMISIO%CC%81N%202025-1/1.%20ARTES%20E%20INDUSTRIAS%20CREATIVAS/tecnico-en-diseno-de-espacios-y-equipamiento.jpg?updatedAt=1738193910081
Arte & Industrias Creativas;TÉCNICO EN DISEÑO DE VESTUARIO;https://bibliotecas.aiep.cl/client/es_CL/default/search/results?qu=76&rt=false%7C%7C%7CAIEP_CARRERA%7C%7C%7CCarrera&st=TL;https://ik.imagekit.io/5wps2tups/FOTOS%20CARRERAS%20ADMISIO%CC%81N%202025-1/1.%20ARTES%20E%20INDUSTRIAS%20CREATIVAS/tecnico-en-diseno-de-vestuario.jpg?updatedAt=1738193910020
Arte & Industrias Creativas;TÉCNICO EN DISEÑO GRÁFICO;https://bibliotecas.aiep.cl/client/es_CL/default/search/results?qu=114&rt=false%7C%7C%7CAIEP_CARRERA%7C%7C%7CCarrera&st=TL;https://ik.imagekit.io/5wps2tups/FOTOS%20CARRERAS%20ADMISIO%CC%81N%202025-1/1.%20ARTES%20E%20INDUSTRIAS%20CREATIVAS/tecnico-en-diseno-grafico.jpg?updatedAt=1738193912993
Arte & Industrias Creativas;TÉCNICO EN LOCUCIÓN Y CONDUCCIÓN DE RADIO Y TELEVISIÓN;https://bibliotecas.aiep.cl/client/es_CL/default/search/results?qu=93&rt=false%7C%7C%7CAIEP_CARRERA%7C%7C%7CCarrera&st=TL;https://ik.imagekit.io/5wps2tups/FOTOS%20CARRERAS%20ADMISIO%CC%81N%202025-1/1.%20ARTES%20E%20INDUSTRIAS%20CREATIVAS/tecnico-en-locucion-y-conduccion-de-radio-y-television.jpg?updatedAt=1738193912765
Arte & Industrias Creativas;TÉCNICO EN MARKETING DIGITAL;https://bibliotecas.aiep.cl/client/es_CL/default/search/results?qu=126&rt=false%7C%7C%7CAIEP_CARRERA%7C%7C%7CCarrera&st=TL;https://ik.imagekit.io/5wps2tups/FOTOS%20CARRERAS%20ADMISIO%CC%81N%202025-1/1.%20ARTES%20E%20INDUSTRIAS%20CREATIVAS/tecnico-en-marketing-digital.jpg?updatedAt=1738193913065
Arte & Industrias Creativas;TÉCNICO EN PRODUCCIÓN AUDIOVISUAL;https://bibliotecas.aiep.cl/client/es_CL/default/search/results?qu=101&rt=false%7C%7C%7CAIEP_CARRERA%7C%7C%7CCarrera&st=TL;https://ik.imagekit.io/5wps2tups/FOTOS%20CARRERAS%20ADMISIO%CC%81N%202025-1/1.%20ARTES%20E%20INDUSTRIAS%20CREATIVAS/tecnico-en-produccion-audiovisual.jpg?updatedAt=1738193913297
Arte & Industrias Creativas;TÉCNICO EN SONIDO;https://bibliotecas.aiep.cl/client/es_CL/default/search/results?qu=105&rt=false%7C%7C%7CAIEP_CARRERA%7C%7C%7CCarrera&st=TL;https://ik.imagekit.io/5wps2tups/FOTOS%20CARRERAS%20ADMISIO%CC%81N%202025-1/1.%20ARTES%20E%20INDUSTRIAS%20CREATIVAS/tecnico-en-sonido.jpg?updatedAt=1738193913308
Desarrollo Social & Educación;ADMINISTRACIÓN PÚBLICA;https://bibliotecas.aiep.cl/client/es_CL/default/search/results?qu=123&rt=false%7C%7C%7CAIEP_CARRERA%7C%7C%7CCarrera&st=TL;https://ik.imagekit.io/5wps2tups/FOTOS%20CARRERAS%20ADMISIO%CC%81N%202025-1/3.%20DESARROLLO%20SOCIAL%20Y%20EDUCACIO%CC%81N/administracion-publica.jpg?updatedAt=1738198961722
Desarrollo Social & Educación;ASISTENTE DE PÁRVULOS;https://bibliotecas.aiep.cl/client/es_CL/default/search/results?qu=5&rt=false%7C%7C%7CAIEP_CARRERA%7C%7C%7CCarrera&st=TL;"
"
Desarrollo Social & Educación;PSICOPEDAGOGÍA;https://bibliotecas.aiep.cl/client/es_CL/default/search/results?qu=55&rt=false%7C%7C%7CAIEP_CARRERA%7C%7C%7CCarrera&st=TL;https://ik.imagekit.io/5wps2tups/FOTOS%20CARRERAS%20ADMISIO%CC%81N%202025-1/3.%20DESARROLLO%20SOCIAL%20Y%20EDUCACIO%CC%81N/psicopedagogia.jpg?updatedAt=1738198962268
Desarrollo Social & Educación;TÉCNICO ASISTENTE EN EDUCACIÓN ESPECIAL;https://bibliotecas.aiep.cl/client/es_CL/default/search/results?qu=63&rt=false%7C%7C%7CAIEP_CARRERA%7C%7C%7CCarrera&st=TL;https://ik.imagekit.io/5wps2tups/FOTOS%20CARRERAS%20ADMISIO%CC%81N%202025-1/3.%20DESARROLLO%20SOCIAL%20Y%20EDUCACIO%CC%81N/tecnico-asistente-en-educacion-especial.jpg?updatedAt=1738198961694
Desarrollo Social & Educación;TÉCNICO EN ADMINISTRACIÓN PÚBLICA;https://bibliotecas.aiep.cl/client/es_CL/default/search/results?qu=124&rt=false%7C%7C%7CAIEP_CARRERA%7C%7C%7CCarrera&st=TL;https://ik.imagekit.io/5wps2tups/FOTOS%20CARRERAS%20ADMISIO%CC%81N%202025-1/3.%20DESARROLLO%20SOCIAL%20Y%20EDUCACIO%CC%81N/tecnico-en-administracion-publica.jpg?updatedAt=1738198961935
Desarrollo Social & Educación;TÉCNICO EN EDUCACIÓN PARVULARIA 1° Y 2° BÁSICO;https://bibliotecas.aiep.cl/client/es_CL/default/search/results?qu=166&rt=false%7C%7C%7CAIEP_CARRERA%7C%7C%7CCarrera&st=TL;https://ik.imagekit.io/5wps2tups/FOTOS%20CARRERAS%20ADMISIO%CC%81N%202025-1/3.%20DESARROLLO%20SOCIAL%20Y%20EDUCACIO%CC%81N/tecnico-en-educacion-parvularia-1-y-2-basico.jpg?updatedAt=1738198961715
Desarrollo Social & Educación;TÉCNICO EN TRABAJO SOCIAL;https://bibliotecas.aiep.cl/client/es_CL/default/search/results?qu=106&rt=false%7C%7C%7CAIEP_CARRERA%7C%7C%7CCarrera&st=TL;https://ik.imagekit.io/5wps2tups/FOTOS%20CARRERAS%20ADMISIO%CC%81N%202025-1/3.%20DESARROLLO%20SOCIAL%20Y%20EDUCACIO%CC%81N/tecnico-en-trabajo-social.jpg?updatedAt=1738198962098
Desarrollo Social & Educación;TÉCNICO INNOVACIÓN SOCIAL SUSTENTABLE;https://bibliotecas.aiep.cl/client/es_CL/default/search/results?qu=143&rt=false%7C%7C%7CAIEP_CARRERA%7C%7C%7CCarrera&st=TL;https://ik.imagekit.io/5wps2tups/FOTOS%20CARRERAS%20ADMISIO%CC%81N%202025-1/7.%20SALUD%20Y%20DEPORTES/tecnico-en-enfermeria-mencion-salud-mental.jpg?updatedAt=1738199721982
Desarrollo Social & Educación;TÉCNICO JURÍDICO;https://bibliotecas.aiep.cl/client/es_CL/default/search/results?qu=109&rt=false%7C%7C%7CAIEP_CARRERA%7C%7C%7CCarrera&st=TL;https://ik.imagekit.io/5wps2tups/FOTOS%20CARRERAS%20ADMISIO%CC%81N%202025-1/3.%20DESARROLLO%20SOCIAL%20Y%20EDUCACIO%CC%81N/tecnico-juridico.jpg?updatedAt=1738198961765
Desarrollo Social & Educación;TRABAJO SOCIAL;https://bibliotecas.aiep.cl/client/es_CL/default/search/results?qu=112&rt=false%7C%7C%7CAIEP_CARRERA%7C%7C%7CCarrera&st=TL;https://ik.imagekit.io/5wps2tups/FOTOS%20CARRERAS%20ADMISIO%CC%81N%202025-1/3.%20DESARROLLO%20SOCIAL%20Y%20EDUCACIO%CC%81N/trabajo-social.jpg?updatedAt=1738198962069
Estética Integral;COSMETOLOGÍA;https://bibliotecas.aiep.cl/client/es_CL/default/search/results?qu=16&rt=false%7C%7C%7CAIEP_CARRERA%7C%7C%7CCarrera&st=TL;https://ik.imagekit.io/5wps2tups/FOTOS%20CARRERAS%20ADMISIO%CC%81N%202025-1/4.%20ESTETICA%20INTEGRAL/tecnico-en-cosmetologia.jpg?updatedAt=1738199121055
Estética Integral;ESTÉTICA PROFESIONAL;https://bibliotecas.aiep.cl/client/es_CL/default/search/results?qu=22&rt=false%7C%7C%7CAIEP_CARRERA%7C%7C%7CCarrera&st=TL;https://ik.imagekit.io/5wps2tups/FOTOS%20CARRERAS%20ADMISIO%CC%81N%202025-1/4.%20ESTETICA%20INTEGRAL/estetica-profesional.jpg?updatedAt=1738199121111
Estética Integral;TÉCNICO EN MASOTERAPIA;https://bibliotecas.aiep.cl/client/es_CL/default/search/results?qu=95&rt=false%7C%7C%7CAIEP_CARRERA%7C%7C%7CCarrera&st=TL;https://ik.imagekit.io/5wps2tups/FOTOS%20CARRERAS%20ADMISIO%CC%81N%202025-1/4.%20ESTETICA%20INTEGRAL/tecnico-en-masoterapia.jpg?updatedAt=1738199120924
Estética Integral;TÉCNICO EN PELUQUERÍA;https://bibliotecas.aiep.cl/client/es_CL/default/search/results?qu=100&rt=false%7C%7C%7CAIEP_CARRERA%7C%7C%7CCarrera&st=TL;https://ik.imagekit.io/5wps2tups/FOTOS%20CARRERAS%20ADMISIO%CC%81N%202025-1/4.%20ESTETICA%20INTEGRAL/tecnico-en-peluqueria.jpg?updatedAt=1738199120790
Gastronomía, Hotelería y Turismo;ADMINISTRACIÓN EN EMPRESAS GASTRONÓMICAS;https://bibliotecas.aiep.cl/client/es_CL/default/search/results?qu=144&rt=false%7C%7C%7CAIEP_CARRERA%7C%7C%7CCarrera&st=TL;https://ik.imagekit.io/5wps2tups/FOTOS%20CARRERAS%20ADMISIO%CC%81N%202025-1/5.%20GASTRONOMI%CC%81A,%20HOTELERI%CC%81A%20Y%20TURISMO/administracion-de-empresas-gastronomicas.jpg?updatedAt=1738199210281
Gastronomía, Hotelería y Turismo;GASTRONOMÍA INTERNACIONAL;https://bibliotecas.aiep.cl/client/es_CL/default/search/results?qu=23&rt=false%7C%7C%7CAIEP_CARRERA%7C%7C%7CCarrera&st=TL;https://ik.imagekit.io/5wps2tups/FOTOS%20CARRERAS%20ADMISIO%CC%81N%202025-1/5.%20GASTRONOMI%CC%81A,%20HOTELERI%CC%81A%20Y%20TURISMO/gastronomia-internacional.jpg?updatedAt=1738199210066
Gastronomía, Hotelería y Turismo;TÉCNICO ADMINISTRACIÓN HOTEL. Y RESORTS INT.;https://bibliotecas.aiep.cl/client/es_CL/default/search/results?qu=72&rt=false%7C%7C%7CAIEP_CARRERA%7C%7C%7CCarrera&st=TL;https://ik.imagekit.io/5wps2tups/FOTOS%20CARRERAS%20ADMISIO%CC%81N%202025-1/6.%20ADMINISTRACIO%CC%81N%20Y%20GESTIO%CC%81N%20EMPRESARIAL/tecnico-en-administracion-de-empresas.jpg?updatedAt=1738199307747
Gastronomía, Hotelería y Turismo;TÉCNICO EN HOTELERÍA;https://bibliotecas.aiep.cl/client/es_CL/default/search/results?qu=107&rt=false%7C%7C%7CAIEP_CARRERA%7C%7C%7CCarrera&st=TL;https://ik.imagekit.io/5wps2tups/FOTOS%20CARRERAS%20ADMISIO%CC%81N%202025-1/4.%20ESTETICA%20INTEGRAL/tecnico-en-peluqueria.jpg?updatedAt=1738199120790
Gastronomía, Hotelería y Turismo;TÉCNICO EN TURISMO;https://bibliotecas.aiep.cl/client/es_CL/default/search/results?qu=159&rt=false%7C%7C%7CAIEP_CARRERA%7C%7C%7CCarrera&st=TL;https://ik.imagekit.io/5wps2tups/FOTOS%20CARRERAS%20ADMISIO%CC%81N%202025-1/5.%20GASTRONOMI%CC%81A,%20HOTELERI%CC%81A%20Y%20TURISMO/tecnico-en-turismo.jpg?updatedAt=1738199210424
Ingenierías, Energías y Tecnologías;CONSTRUCCIÓN CIVIL;https://bibliotecas.aiep.cl/client/es_CL/default/search/results?qu=12&rt=false%7C%7C%7CAIEP_CARRERA%7C%7C%7CCarrera&st=TL;https://ik.imagekit.io/5wps2tups/FOTOS%20CARRERAS%20ADMISIO%CC%81N%202025-1/2.%20INGENIERI%CC%81A,%20ENERGI%CC%81A%20Y%20TECNOLOGI%CC%81A/construccion-civil.jpg?updatedAt=1738194520142
Ingenierías, Energías y Tecnologías;INGENIERÍA EJECUCIÓN INFORMÁTICA MENCIÓN DESARROLLO SISTEMAS;https://bibliotecas.aiep.cl/client/es_CL/default/search/results?qu=34&rt=false%7C%7C%7CAIEP_CARRERA%7C%7C%7CCarrera&st=TL;"
"
Ingenierías, Energías y Tecnologías;INGENIERÍA EN AUTOMATIZACION Y CONTROL INDUSTRIAL;https://bibliotecas.aiep.cl/client/es_CL/default/search/results?qu=158&rt=false%7C%7C%7CAIEP_CARRERA%7C%7C%7CCarrera&st=TL;https://ik.imagekit.io/5wps2tups/FOTOS%20CARRERAS%20ADMISIO%CC%81N%202025-1/2.%20INGENIERI%CC%81A,%20ENERGI%CC%81A%20Y%20TECNOLOGI%CC%81A/ingenieria-en-automatizacion-y-control-industrial.jpg?updatedAt=1738194522254
Ingenierías, Energías y Tecnologías;INGENIERÍA EN CIBERSEGURIDAD;https://bibliotecas.aiep.cl/client/es_CL/default/search/results?qu=134&rt=false%7C%7C%7CAIEP_CARRERA%7C%7C%7CCarrera&st=TL;https://ik.imagekit.io/5wps2tups/FOTOS%20CARRERAS%20ADMISIO%CC%81N%202025-1/2.%20INGENIERI%CC%81A,%20ENERGI%CC%81A%20Y%20TECNOLOGI%CC%81A/ingenieria-en-ciberseguridad.jpg?updatedAt=1738194520356
Ingenierías, Energías y Tecnologías;INGENIERÍA EN DATA SCIENCE;https://bibliotecas.aiep.cl/client/es_CL/default/search/results?qu=127&rt=false%7C%7C%7CAIEP_CARRERA%7C%7C%7CCarrera&st=TL;https://ik.imagekit.io/5wps2tups/FOTOS%20CARRERAS%20ADMISIO%CC%81N%202025-1/2.%20INGENIERI%CC%81A,%20ENERGI%CC%81A%20Y%20TECNOLOGI%CC%81A/ingenieria-en-data-science.jpg?updatedAt=1738194521811
Ingenierías, Energías y Tecnologías;INGENIERÍA EN ELECTRICIDAD Y ENERGÍAS RENOVABLES;https://bibliotecas.aiep.cl/client/es_CL/default/search/results?qu=136&rt=false%7C%7C%7CAIEP_CARRERA%7C%7C%7CCarrera&st=TL;https://ik.imagekit.io/5wps2tups/FOTOS%20CARRERAS%20ADMISIO%CC%81N%202025-1/2.%20INGENIERI%CC%81A,%20ENERGI%CC%81A%20Y%20TECNOLOGI%CC%81A/ingenieria-en-electricidad-y-energias-renovables.jpg?updatedAt=1738194520174
Ingenierías, Energías y Tecnologías;INGENIERÍA EN INFORMATICA;https://bibliotecas.aiep.cl/client/es_CL/default/search/results?qu=150&rt=false%7C%7C%7CAIEP_CARRERA%7C%7C%7CCarrera&st=TL;https://ik.imagekit.io/5wps2tups/FOTOS%20CARRERAS%20ADMISIO%CC%81N%202025-1/2.%20INGENIERI%CC%81A,%20ENERGI%CC%81A%20Y%20TECNOLOGI%CC%81A/ingenieria-en-informatica.jpg?updatedAt=1738194522148
Ingenierías, Energías y Tecnologías;INGENIERÍA EN INFRAESTRUCTURA Y SEGURIDAD DE REDES;https://bibliotecas.aiep.cl/client/es_CL/default/search/results?qu=39&rt=false%7C%7C%7CAIEP_CARRERA%7C%7C%7CCarrera&st=TL;https://ik.imagekit.io/5wps2tups/FOTOS%20CARRERAS%20ADMISIO%CC%81N%202025-1/2.%20INGENIERI%CC%81A,%20ENERGI%CC%81A%20Y%20TECNOLOGI%CC%81A/ingenieria-en-infraestructura-y-seguridad-de-redes.jpg?updatedAt=1738194521828
Ingenierías, Energías y Tecnologías;INGENIERÍA EN MECANICA AUTOMOTRIZ Y AUTOTRÓNICA;https://bibliotecas.aiep.cl/client/es_CL/default/search/results?qu=133&rt=false%7C%7C%7CAIEP_CARRERA%7C%7C%7CCarrera&st=TL;https://ik.imagekit.io/5wps2tups/FOTOS%20CARRERAS%20ADMISIO%CC%81N%202025-1/2.%20INGENIERI%CC%81A,%20ENERGI%CC%81A%20Y%20TECNOLOGI%CC%81A/ingenieria-en-mecanica-automotriz-y-autotronica.jpg?updatedAt=1738194520549
Ingenierías, Energías y Tecnologías;INGENIERÍA EN MINAS;https://bibliotecas.aiep.cl/client/es_CL/default/search/results?qu=40&rt=false%7C%7C%7CAIEP_CARRERA%7C%7C%7CCarrera&st=TL;https://ik.imagekit.io/5wps2tups/FOTOS%20CARRERAS%20ADMISIO%CC%81N%202025-1/2.%20INGENIERI%CC%81A,%20ENERGI%CC%81A%20Y%20TECNOLOGI%CC%81A/ingenieria-en-minas.jpg?updatedAt=1738194522445
Ingenierías, Energías y Tecnologías;INGENIERÍA EN PREVENCION DE RIESGOS;https://bibliotecas.aiep.cl/client/es_CL/default/search/results?qu=41&rt=false%7C%7C%7CAIEP_CARRERA%7C%7C%7CCarrera&st=TL;https://ik.imagekit.io/5wps2tups/FOTOS%20CARRERAS%20ADMISIO%CC%81N%202025-1/2.%20INGENIERI%CC%81A,%20ENERGI%CC%81A%20Y%20TECNOLOGI%CC%81A/ingenieria-en-prevencion-de-riesgos.jpg?updatedAt=1738194520345
Ingenierías, Energías y Tecnologías;INGENIERÍA INDUSTRIAL;https://bibliotecas.aiep.cl/client/es_CL/default/search/results?qu=148&rt=false%7C%7C%7CAIEP_CARRERA%7C%7C%7CCarrera&st=TL;https://ik.imagekit.io/5wps2tups/FOTOS%20CARRERAS%20ADMISIO%CC%81N%202025-1/2.%20INGENIERI%CC%81A,%20ENERGI%CC%81A%20Y%20TECNOLOGI%CC%81A/ingenieria-industrial.jpg?updatedAt=1738194524485
Ingenierías, Energías y Tecnologías;TÉCNICO DESARROLLO APLICACIONES MOVILES;https://bibliotecas.aiep.cl/client/es_CL/default/search/results?qu=154&rt=false%7C%7C%7CAIEP_CARRERA%7C%7C%7CCarrera&st=TL;"
"
Ingenierías, Energías y Tecnologías;TÉCNICO DESARROLLO REALIDAD VIRTUAL Y AUMENTADA;https://bibliotecas.aiep.cl/client/es_CL/default/search/results?qu=118&rt=false%7C%7C%7CAIEP_CARRERA%7C%7C%7CCarrera&st=TL;https://ik.imagekit.io/5wps2tups/FOTOS%20CARRERAS%20ADMISIO%CC%81N%202025-1/2.%20INGENIERI%CC%81A,%20ENERGI%CC%81A%20Y%20TECNOLOGI%CC%81A/tecnico-en-realidad-virtual-y-aumentada.jpg?updatedAt=1738194528762
Ingenierías, Energías y Tecnologías;TÉCNICO EDIFICACION SUSTENTABLE;https://bibliotecas.aiep.cl/client/es_CL/default/search/results?qu=135&rt=false%7C%7C%7CAIEP_CARRERA%7C%7C%7CCarrera&st=TL;https://ik.imagekit.io/5wps2tups/FOTOS%20CARRERAS%20ADMISIO%CC%81N%202025-1/3.%20DESARROLLO%20SOCIAL%20Y%20EDUCACIO%CC%81N/tecnico-en-administracion-publica.jpg?updatedAt=1738198961935
Ingenierías, Energías y Tecnologías;TÉCNICO EN ANALISIS DE DATOS;https://bibliotecas.aiep.cl/client/es_CL/default/search/results?qu=138&rt=false%7C%7C%7CAIEP_CARRERA%7C%7C%7CCarrera&st=TL;https://ik.imagekit.io/5wps2tups/FOTOS%20CARRERAS%20ADMISIO%CC%81N%202025-1/2.%20INGENIERI%CC%81A,%20ENERGI%CC%81A%20Y%20TECNOLOGI%CC%81A/tecnico-en-analisis-de-datos.jpg?updatedAt=1738194523584
Ingenierías, Energías y Tecnologías;TÉCNICO EN AUTOMATIZACION Y CONTROL INDUSTRIAL;https://bibliotecas.aiep.cl/client/es_CL/default/search/results?qu=125&rt=false%7C%7C%7CAIEP_CARRERA%7C%7C%7CCarrera&st=TL;https://ik.imagekit.io/5wps2tups/FOTOS%20CARRERAS%20ADMISIO%CC%81N%202025-1/2.%20INGENIERI%CC%81A,%20ENERGI%CC%81A%20Y%20TECNOLOGI%CC%81A/tecnico-en-automatizacion-y-control-industrial.jpg?updatedAt=1738194524422
Ingenierías, Energías y Tecnologías;TÉCNICO EN CIBERSEGURIDAD;https://bibliotecas.aiep.cl/client/es_CL/default/search/results?qu=153&rt=false%7C%7C%7CAIEP_CARRERA%7C%7C%7CCarrera&st=TL;https://ik.imagekit.io/5wps2tups/FOTOS%20CARRERAS%20ADMISIO%CC%81N%202025-1/2.%20INGENIERI%CC%81A,%20ENERGI%CC%81A%20Y%20TECNOLOGI%CC%81A/tecnico-en-ciberseguridad.jpg?updatedAt=1738194524188
Ingenierías, Energías y Tecnologías;TÉCNICO EN CONECTIVIDAD Y SEGURIDAD DE REDES;https://bibliotecas.aiep.cl/client/es_CL/default/search/results?qu=161&rt=false%7C%7C%7CAIEP_CARRERA%7C%7C%7CCarrera&st=TL;https://ik.imagekit.io/5wps2tups/FOTOS%20CARRERAS%20ADMISIO%CC%81N%202025-1/2.%20INGENIERI%CC%81A,%20ENERGI%CC%81A%20Y%20TECNOLOGI%CC%81A/tecnico-en-conectividad-y-seguridad-de-redes.jpg?updatedAt=1738194524427
Ingenierías, Energías y Tecnologías;TÉCNICO EN CONSTRUCCIÓN;https://bibliotecas.aiep.cl/client/es_CL/default/search/results?qu=74&rt=false%7C%7C%7CAIEP_CARRERA%7C%7C%7CCarrera&st=TL;https://ik.imagekit.io/5wps2tups/FOTOS%20CARRERAS%20ADMISIO%CC%81N%202025-1/2.%20INGENIERI%CC%81A,%20ENERGI%CC%81A%20Y%20TECNOLOGI%CC%81A/tecnico-en-construccion.jpg?updatedAt=1738194525238
Ingenierías, Energías y Tecnologías;TÉCNICO EN DIBUJO DE ARQUITECTURA Y OBRAS CIVILES;https://bibliotecas.aiep.cl/client/es_CL/default/search/results?qu=17&rt=false%7C%7C%7CAIEP_CARRERA%7C%7C%7CCarrera&st=TL;https://ik.imagekit.io/5wps2tups/FOTOS%20CARRERAS%20ADMISIO%CC%81N%202025-1/2.%20INGENIERI%CC%81A,%20ENERGI%CC%81A%20Y%20TECNOLOGI%CC%81A/tecnico-en-dibujo-de-arquitectura-y-obras-civiles.jpg?updatedAt=1738194525393
Ingenierías, Energías y Tecnologías;TÉCNICO EN ELECTRICIDAD Y ELECTRÓNICA;https://bibliotecas.aiep.cl/client/es_CL/default/search/results?qu=77&rt=false%7C%7C%7CAIEP_CARRERA%7C%7C%7CCarrera&st=TL;https://ik.imagekit.io/5wps2tups/FOTOS%20CARRERAS%20ADMISIO%CC%81N%202025-1/2.%20INGENIERI%CC%81A,%20ENERGI%CC%81A%20Y%20TECNOLOGI%CC%81A/tecnico-en-dibujo-de-arquitectura-y-obras-civiles.jpg?updatedAt=1738194525393
Ingenierías, Energías y Tecnologías;TÉCNICO EN ELECTRICIDAD Y ENERGÍAS RENOVABLES;https://bibliotecas.aiep.cl/client/es_CL/default/search/results?qu=156&rt=false%7C%7C%7CAIEP_CARRERA%7C%7C%7CCarrera&st=TL;https://ik.imagekit.io/5wps2tups/FOTOS%20CARRERAS%20ADMISIO%CC%81N%202025-1/2.%20INGENIERI%CC%81A,%20ENERGI%CC%81A%20Y%20TECNOLOGI%CC%81A/tecnico-en-electricidad-y-energias-renovables.jpg?updatedAt=1738194524789
Ingenierías, Energías y Tecnologías;TÉCNICO EN FABRICACIÓN ADITIVA;https://bibliotecas.aiep.cl/client/es_CL/default/search/results?qu=146&rt=false%7C%7C%7CAIEP_CARRERA%7C%7C%7CCarrera&st=TL;https://ik.imagekit.io/5wps2tups/FOTOS%20CARRERAS%20ADMISIO%CC%81N%202025-1/1.%20ARTES%20E%20INDUSTRIAS%20CREATIVAS/teatro.jpg?updatedAt=1738193910199
Ingenierías, Energías y Tecnologías;TÉCNICO EN GESTION DE PROCESOS MINEROS;https://bibliotecas.aiep.cl/client/es_CL/default/search/results?qu=157&rt=false%7C%7C%7CAIEP_CARRERA%7C%7C%7CCarrera&st=TL;https://ik.imagekit.io/5wps2tups/FOTOS%20CARRERAS%20ADMISIO%CC%81N%202025-1/2.%20INGENIERI%CC%81A,%20ENERGI%CC%81A%20Y%20TECNOLOGI%CC%81A/tecnico-en-gestion-de-procesos-mineros.jpg?updatedAt=1738194526091
Ingenierías, Energías y Tecnologías;TÉCNICO EN GESTION INDUSTRIAL;https://bibliotecas.aiep.cl/client/es_CL/default/search/results?qu=147&rt=false%7C%7C%7CAIEP_CARRERA%7C%7C%7CCarrera&st=TL;https://ik.imagekit.io/5wps2tups/FOTOS%20CARRERAS%20ADMISIO%CC%81N%202025-1/2.%20INGENIERI%CC%81A,%20ENERGI%CC%81A%20Y%20TECNOLOGI%CC%81A/tecnico-en-gestion-industrial.jpg?updatedAt=1738194526570
Ingenierías, Energías y Tecnologías;TÉCNICO EN MANTENIMIENTO ELÉCTRICO INDUSTRIAL;https://bibliotecas.aiep.cl/client/es_CL/default/search/results?qu=141&rt=false%7C%7C%7CAIEP_CARRERA%7C%7C%7CCarrera&st=TL;https://ik.imagekit.io/5wps2tups/FOTOS%20CARRERAS%20ADMISIO%CC%81N%202025-1/2.%20INGENIERI%CC%81A,%20ENERGI%CC%81A%20Y%20TECNOLOGI%CC%81A/tecnico-en-mantenimiento-electrico-industrial.jpg?updatedAt=1738194526963
Ingenierías, Energías y Tecnologías;TÉCNICO EN MANTENIMIENTO ELECTROMECÁNICO EN MAQUINARIA PESADA;https://bibliotecas.aiep.cl/client/es_CL/default/search/results?qu=142&rt=false%7C%7C%7CAIEP_CARRERA%7C%7C%7CCarrera&st=TL;https://ik.imagekit.io/5wps2tups/FOTOS%20CARRERAS%20ADMISIO%CC%81N%202025-1/2.%20INGENIERI%CC%81A,%20ENERGI%CC%81A%20Y%20TECNOLOGI%CC%81A/tecnico-en-mantenimiento-electromecanico-en-maquinaria-pesada.jpg?updatedAt=1738194527490
Ingenierías, Energías y Tecnologías;TÉCNICO EN MANTENIMIENTO INDUSTRIAL;https://bibliotecas.aiep.cl/client/es_CL/default/search/results?qu=131&rt=false%7C%7C%7CAIEP_CARRERA%7C%7C%7CCarrera&st=TL;https://ik.imagekit.io/5wps2tups/FOTOS%20CARRERAS%20ADMISIO%CC%81N%202025-1/2.%20INGENIERI%CC%81A,%20ENERGI%CC%81A%20Y%20TECNOLOGI%CC%81A/tecnico-en-mantenimiento-industrial.jpg?updatedAt=1738194527432
Ingenierías, Energías y Tecnologías;TÉCNICO EN MANTENIMIENTO MECANICO MINERO;https://bibliotecas.aiep.cl/client/es_CL/default/search/results?qu=162&rt=false%7C%7C%7CAIEP_CARRERA%7C%7C%7CCarrera&st=TL;https://ik.imagekit.io/5wps2tups/FOTOS%20CARRERAS%20ADMISIO%CC%81N%202025-1/2.%20INGENIERI%CC%81A,%20ENERGI%CC%81A%20Y%20TECNOLOGI%CC%81A/tecnico-en-mantenimiento-mecanico-minero.jpg?updatedAt=1738194527651
Ingenierías, Energías y Tecnologías;TÉCNICO EN MECANICA AUTOMOTRIZ EN MAQUINARIA PESADA;https://bibliotecas.aiep.cl/client/es_CL/default/search/results?qu=115&rt=false%7C%7C%7CAIEP_CARRERA%7C%7C%7CCarrera&st=TL;https://ik.imagekit.io/5wps2tups/FOTOS%20CARRERAS%20ADMISIO%CC%81N%202025-1/2.%20INGENIERI%CC%81A,%20ENERGI%CC%81A%20Y%20TECNOLOGI%CC%81A/tecnico-en-mecanica-automotriz-en-maquinaria-pesada.jpg?updatedAt=1738194526977
Ingenierías, Energías y Tecnologías;TÉCNICO EN MECANICA AUTOMOTRIZ Y AUTOTRÓNICA;https://bibliotecas.aiep.cl/client/es_CL/default/search/results?qu=96&rt=false%7C%7C%7CAIEP_CARRERA%7C%7C%7CCarrera&st=TL;https://ik.imagekit.io/5wps2tups/FOTOS%20CARRERAS%20ADMISIO%CC%81N%202025-1/2.%20INGENIERI%CC%81A,%20ENERGI%CC%81A%20Y%20TECNOLOGI%CC%81A/ingenieria-en-mecanica-automotriz-y-autotronica.jpg?updatedAt=1738194520549
Ingenierías, Energías y Tecnologías;TÉCNICO EN MINERIA;https://bibliotecas.aiep.cl/client/es_CL/default/search/results?qu=97&rt=false%7C%7C%7CAIEP_CARRERA%7C%7C%7CCarrera&st=TL;https://ik.imagekit.io/5wps2tups/FOTOS%20CARRERAS%20ADMISIO%CC%81N%202025-1/2.%20INGENIERI%CC%81A,%20ENERGI%CC%81A%20Y%20TECNOLOGI%CC%81A/tecnico-en-mineria.jpg?updatedAt=1738194527861
Ingenierías, Energías y Tecnologías;TÉCNICO EN PREVENCION DE RIESGOS;https://bibliotecas.aiep.cl/client/es_CL/default/search/results?qu=113&rt=false%7C%7C%7CAIEP_CARRERA%7C%7C%7CCarrera&st=TL;https://ik.imagekit.io/5wps2tups/FOTOS%20CARRERAS%20ADMISIO%CC%81N%202025-1/2.%20INGENIERI%CC%81A,%20ENERGI%CC%81A%20Y%20TECNOLOGI%CC%81A/tecnico-en-prevencion-de-riesgos.jpg?updatedAt=1738194528222
Ingenierías, Energías y Tecnologías;TÉCNICO EN PROGRAMACION Y ANALISIS DE SISTEMAS;https://bibliotecas.aiep.cl/client/es_CL/default/search/results?qu=54&rt=false%7C%7C%7CAIEP_CARRERA%7C%7C%7CCarrera&st=TL;https://ik.imagekit.io/5wps2tups/FOTOS%20CARRERAS%20ADMISIO%CC%81N%202025-1/2.%20INGENIERI%CC%81A,%20ENERGI%CC%81A%20Y%20TECNOLOGI%CC%81A/tecnico-en-programacion-y-analisis-de-sistemas.jpg?updatedAt=1738194528595
Ingenierías, Energías y Tecnologías;TÉCNICO EN REALIDAD VIRTUAL Y AUMENTADA;https://bibliotecas.aiep.cl/client/es_CL/default/search/results?qu=145&rt=false%7C%7C%7CAIEP_CARRERA%7C%7C%7CCarrera&st=TL;https://ik.imagekit.io/5wps2tups/FOTOS%20CARRERAS%20ADMISIO%CC%81N%202025-1/2.%20INGENIERI%CC%81A,%20ENERGI%CC%81A%20Y%20TECNOLOGI%CC%81A/tecnico-en-realidad-virtual-y-aumentada.jpg?updatedAt=1738194528762
Ingenierías, Energías y Tecnologías;TÉCNICO EN TOPOGRAFIA;https://bibliotecas.aiep.cl/client/es_CL/default/search/results?qu=111&rt=false%7C%7C%7CAIEP_CARRERA%7C%7C%7CCarrera&st=TL;https://ik.imagekit.io/5wps2tups/FOTOS%20CARRERAS%20ADMISIO%CC%81N%202025-1/2.%20INGENIERI%CC%81A,%20ENERGI%CC%81A%20Y%20TECNOLOGI%CC%81A/tecnico-en-topografia.jpg?updatedAt=1738194528606
Ingenierías, Energías y Tecnologías;TÉCNICO GESTION OPERACIONES MIN.;https://bibliotecas.aiep.cl/client/es_CL/default/search/results?qu=168&rt=false%7C%7C%7CAIEP_CARRERA%7C%7C%7CCarrera&st=TL;https://ik.imagekit.io/5wps2tups/FOTOS%20CARRERAS%20ADMISIO%CC%81N%202025-1/6.%20ADMINISTRACIO%CC%81N%20Y%20GESTIO%CC%81N%20EMPRESARIAL/ingenieria-en-gestion-de-operaciones-logisticas.jpg?updatedAt=1738199310421
Ingenierías, Energías y Tecnologías;TÉCNICO INSTALACION Y MANTENIMIENTO REDES;https://bibliotecas.aiep.cl/client/es_CL/default/search/results?qu=91&rt=false%7C%7C%7CAIEP_CARRERA%7C%7C%7CCarrera&st=TL;https://ik.imagekit.io/5wps2tups/FOTOS%20CARRERAS%20ADMISIO%CC%81N%202025-1/2.%20INGENIERI%CC%81A,%20ENERGI%CC%81A%20Y%20TECNOLOGI%CC%81A/tecnico-en-mantenimiento-industrial.jpg?updatedAt=1738194527432
Ingenierías, Energías y Tecnologías;TÉCNICO MANTENIMIENTO MECANICO;https://bibliotecas.aiep.cl/client/es_CL/default/search/results?qu=116&rt=false%7C%7C%7CAIEP_CARRERA%7C%7C%7CCarrera&st=TL;https://ik.imagekit.io/5wps2tups/FOTOS%20CARRERAS%20ADMISIO%CC%81N%202025-1/2.%20INGENIERI%CC%81A,%20ENERGI%CC%81A%20Y%20TECNOLOGI%CC%81A/tecnico-en-mantenimiento-mecanico-minero.jpg?updatedAt=1738194527651
Salud & Deportes;LABORATORISTA DENTAL;https://bibliotecas.aiep.cl/client/es_CL/default/search/results?qu=44&rt=false%7C%7C%7CAIEP_CARRERA%7C%7C%7CCarrera&st=TL;https://ik.imagekit.io/5wps2tups/FOTOS%20CARRERAS%20ADMISIO%CC%81N%202025-1/7.%20SALUD%20Y%20DEPORTES/laboratorista-dental.jpg?updatedAt=1738199721964
Salud & Deportes;PERSONAL TRAINER;https://bibliotecas.aiep.cl/client/es_CL/default/search/results?qu=46&rt=false%7C%7C%7CAIEP_CARRERA%7C%7C%7CCarrera&st=TL;https://ik.imagekit.io/5wps2tups/FOTOS%20CARRERAS%20ADMISIO%CC%81N%202025-1/7.%20SALUD%20Y%20DEPORTES/personal-trainer.jpg?updatedAt=1738199721850
Salud & Deportes;PODOLOGIA CLINICA;https://bibliotecas.aiep.cl/client/es_CL/default/search/results?qu=49&rt=false%7C%7C%7CAIEP_CARRERA%7C%7C%7CCarrera&st=TL;https://ik.imagekit.io/5wps2tups/FOTOS%20CARRERAS%20ADMISIO%CC%81N%202025-1/7.%20SALUD%20Y%20DEPORTES/podologia-clinica.jpg?updatedAt=1738199721826
Salud & Deportes;TÉCNICO DEPORTIVO;https://bibliotecas.aiep.cl/client/es_CL/default/search/results?qu=65&rt=false%7C%7C%7CAIEP_CARRERA%7C%7C%7CCarrera&st=TL;https://ik.imagekit.io/5wps2tups/FOTOS%20CARRERAS%20ADMISIO%CC%81N%202025-1/7.%20SALUD%20Y%20DEPORTES/tecnico-deportivo.jpg?updatedAt=1738199721602
Salud & Deportes;TÉCNICO EN ENFERMERÍA;https://bibliotecas.aiep.cl/client/es_CL/default/search/results?qu=78&rt=false%7C%7C%7CAIEP_CARRERA%7C%7C%7CCarrera&st=TL;https://ik.imagekit.io/5wps2tups/FOTOS%20CARRERAS%20ADMISIO%CC%81N%202025-1/7.%20SALUD%20Y%20DEPORTES/tecnico-en-enfermeria.jpg?updatedAt=1738199721941
Salud & Deportes;TÉCNICO EN ENFERMERÍA E INSTRUMENTACION QUIRURGICA;https://bibliotecas.aiep.cl/client/es_CL/default/search/results?qu=86&rt=false%7C%7C%7CAIEP_CARRERA%7C%7C%7CCarrera&st=TL;https://ik.imagekit.io/5wps2tups/FOTOS%20CARRERAS%20ADMISIO%CC%81N%202025-1/7.%20SALUD%20Y%20DEPORTES/tecnico-en-enfermeria-e-instrumentacion-quirurgica.jpg?updatedAt=1738199721841
Salud & Deportes;TÉCNICO EN ENFERMERÍA MENCION ANESTESIOLOGÍA;https://bibliotecas.aiep.cl/client/es_CL/default/search/results?qu=81&rt=false%7C%7C%7CAIEP_CARRERA%7C%7C%7CCarrera&st=TL;https://ik.imagekit.io/5wps2tups/FOTOS%20CARRERAS%20ADMISIO%CC%81N%202025-1/7.%20SALUD%20Y%20DEPORTES/tecnico-en-enfermeria-mencion-anestesiologia.jpg?updatedAt=1738199722305
Salud & Deportes;TÉCNICO EN ENFERMERÍA MENCION ONCOLOGÍA;https://bibliotecas.aiep.cl/client/es_CL/default/search/results?qu=80&rt=false%7C%7C%7CAIEP_CARRERA%7C%7C%7CCarrera&st=TL;https://ik.imagekit.io/5wps2tups/FOTOS%20CARRERAS%20ADMISIO%CC%81N%202025-1/7.%20SALUD%20Y%20DEPORTES/tecnico-en-enfermeria-mencion-oncologia.jpg?updatedAt=1738199721845
Salud & Deportes;TÉCNICO EN ENFERMERÍA MENCION SALUD MENTAL;https://bibliotecas.aiep.cl/client/es_CL/default/search/results?qu=88&rt=false%7C%7C%7CAIEP_CARRERA%7C%7C%7CCarrera&st=TL;https://ik.imagekit.io/5wps2tups/FOTOS%20CARRERAS%20ADMISIO%CC%81N%202025-1/7.%20SALUD%20Y%20DEPORTES/tecnico-en-enfermeria-mencion-salud-mental.jpg?updatedAt=1738199721982
Salud & Deportes;TÉCNICO EN FARMACIA;https://bibliotecas.aiep.cl/client/es_CL/default/search/results?qu=155&rt=false%7C%7C%7CAIEP_CARRERA%7C%7C%7CCarrera&st=TL;https://ik.imagekit.io/5wps2tups/FOTOS%20CARRERAS%20ADMISIO%CC%81N%202025-1/7.%20SALUD%20Y%20DEPORTES/tecnico-en-farmacia.jpg?updatedAt=1738199721801
Salud & Deportes;TÉCNICO EN IMAGENOLOGIA;https://bibliotecas.aiep.cl/client/es_CL/default/search/results?qu=90&rt=false%7C%7C%7CAIEP_CARRERA%7C%7C%7CCarrera&st=TL;https://ik.imagekit.io/5wps2tups/FOTOS%20CARRERAS%20ADMISIO%CC%81N%202025-1/7.%20SALUD%20Y%20DEPORTES/tecnico-en-imagenologia.jpg?updatedAt=1738199723533
Salud & Deportes;TÉCNICO EN LABORATORIO CLINICO Y BANCO DE SANGRE;https://bibliotecas.aiep.cl/client/es_CL/default/search/results?qu=92&rt=false%7C%7C%7CAIEP_CARRERA%7C%7C%7CCarrera&st=TL;https://ik.imagekit.io/5wps2tups/FOTOS%20CARRERAS%20ADMISIO%CC%81N%202025-1/7.%20SALUD%20Y%20DEPORTES/tecnico-en-laboratorio-clinico-y-banco-de-sagre.jpg?updatedAt=1738199723651
Salud & Deportes;TÉCNICO EN ODONTOLOGIA;https://bibliotecas.aiep.cl/client/es_CL/default/search/results?qu=99&rt=false%7C%7C%7CAIEP_CARRERA%7C%7C%7CCarrera&st=TL;https://ik.imagekit.io/5wps2tups/FOTOS%20CARRERAS%20ADMISIO%CC%81N%202025-1/7.%20SALUD%20Y%20DEPORTES/tecnico-en-odontologia.jpg?updatedAt=1738199723384
Salud & Deportes;TÉCNICO ENFERMERÍA MENCION GERIATRIA;https://bibliotecas.aiep.cl/client/es_CL/default/search/results?qu=82&rt=false%7C%7C%7CAIEP_CARRERA%7C%7C%7CCarrera&st=TL;https://ik.imagekit.io/5wps2tups/FOTOS%20CARRERAS%20ADMISIO%CC%81N%202025-1/7.%20SALUD%20Y%20DEPORTES/tecnico-en-enfermeria-mencion-oncologia.jpg?updatedAt=1738199721845
Salud & Deportes;TÉCNICO ENFERMERÍA MENCION GINECOBSTETRICIA;https://bibliotecas.aiep.cl/client/es_CL/default/search/results?qu=79&rt=false%7C%7C%7CAIEP_CARRERA%7C%7C%7CCarrera&st=TL;https://ik.imagekit.io/5wps2tups/FOTOS%20CARRERAS%20ADMISIO%CC%81N%202025-1/7.%20SALUD%20Y%20DEPORTES/tecnico-en-enfermeria-mencion-anestesiologia.jpg?updatedAt=1738199722305
Salud & Deportes;TÉCNICO ENFERMERÍA MENCION PEDIATRIA;https://bibliotecas.aiep.cl/client/es_CL/default/search/results?qu=83&rt=false%7C%7C%7CAIEP_CARRERA%7C%7C%7CCarrera&st=TL;https://ik.imagekit.io/5wps2tups/FOTOS%20CARRERAS%20ADMISIO%CC%81N%202025-1/7.%20SALUD%20Y%20DEPORTES/tecnico-en-enfermeria-mencion-oncologia.jpg?updatedAt=1738199721845
Salud & Deportes;TÉCNICO ENFERMERÍA MENCION URGENCIA;https://bibliotecas.aiep.cl/client/es_CL/default/search/results?qu=84&rt=false%7C%7C%7CAIEP_CARRERA%7C%7C%7CCarrera&st=TL;https://ik.imagekit.io/5wps2tups/FOTOS%20CARRERAS%20ADMISIO%CC%81N%202025-1/7.%20SALUD%20Y%20DEPORTES/tecnico-en-enfermeria-mencion-oncologia.jpg?updatedAt=1738199721845
;;;
;;;
;;;
Escuela;URL;Texto;
Administración y Gestión Empresarial;https://bibliotecas.aiep.cl/client/en_US/default/?rm=NEGOCIOS0%7C%7C%7C1%7C%7C%7C1%7C%7C%7Ctrue;En este sitio podrás revisar los últimos títulos incorporados a nuestras colecciones para las áreas temáticas cubiertas por la Negocios. Tambien compartiremos contigo actividades destacadas realizadas por la Escuela en alguno de nuestros espacios colaboratvos en sedes.;
Arte & Industrias Creativas;https://bibliotecas.aiep.cl/client/en_US/default/?rm=DISE%C3%91O%2C+ARTE+Y0%7C%7C%7C1%7C%7C%7C1%7C%7C%7Ctrue;En este sitio podrás revisar los últimos títulos incorporados a nuestras colecciones para las áreas temáticas cubiertas por la Escuela de Arte & Industrias Creativas. Tambien compartiremos contigo actividades destacadas realizadas por la Escuela en alguno de nuestros espacios colaboratIvos en sedes.;
Desarrollo Social & Educación;https://bibliotecas.aiep.cl/client/en_US/default/?rm=DESARROLLO+SOC0%7C%7C%7C1%7C%7C%7C1%7C%7C%7Ctrue;En este sitio podrás revisar los últimos títulos incorporados a nuestras colecciones para las áreas temáticas cubiertas por la Escuela de Desarrollo Social: Educación, Jurídica, Legal y Social. Tambien compartiremos contigo actividades destacadas realizadas por la Escuela en alguno de nuestros espacios colaboratvos en sedes.;
Estética Integral;https://bibliotecas.aiep.cl/client/en_US/default/?rm=EST%C3%89TICA+INTEG0%7C%7C%7C1%7C%7C%7C0%7C%7C%7Ctrue;En este sitio podrás revisar los últimos títulos incorporados a nuestras colecciones para las áreas temáticas cubiertas por la Escuela de Diseño Arte y Comunicaciones. Tambien compartiremos contigo actividades destacadas realizadas por la Escuela en alguno de nuestros espacios colaboratvos en sedes.;
Gastronomía, Hotelería y Turismo;https://bibliotecas.aiep.cl/client/en_US/default/?rm=GASTRONOM%C3%8DA%2C+H0%7C%7C%7C1%7C%7C%7C0%7C%7C%7Ctrue;En este sitio podrás revisar los últimos títulos incorporados a nuestras colecciones para las áreas temáticas cubiertas por la Escuela de Hotelería, gastronomía y Turismo. Tambien compartiremos contigo actividades destacadas realizadas por la Escuela en alguno de nuestros espacios colaboratvos en sedes.;
Ingenierías, Energías y Tecnologías;https://bibliotecas.aiep.cl/client/en_US/default/?rm=CONSTRUCCI%C3%93N+E0%7C%7C%7C1%7C%7C%7C1%7C%7C%7Ctrue;En este sitio podrás revisar los últimos títulos incorporados a nuestras colecciones para las áreas temáticas cubiertas por la Escuela de Construcción e Ingenierías. Selecciona el área temática que te interesa en el menú desplegable de las novedades: Informática y Telecomunicaciones, Electricidad y Electrónica, Construcción, Mecánica y Mantenimiento, Minería o Prevención de Riesgos.;
Salud & Deportes;https://bibliotecas.aiep.cl/client/en_US/default/?rm=SALUD0%7C%7C%7C1%7C%7C%7C1%7C%7C%7Ctrue;En este sitio podrás revisar los últimos títulos incorporados a nuestras colecciones para las áreas temáticas cubiertas por la Negocios. Tambien compartiremos contigo actividades destacadas realizadas por la Escuela en alguno de nuestros espacios colaboratvos en sedes.;
